Deaths,ObservationDate
0,01-22-2020
0,01-22-2020
0,01-22-2020
0,01-22-2020
0,01-22-2020
0,01-22-2020
0,01-22-2020
0,01-22-2020
0,01-22-2020
0,01-22-2020
0,01-22-2020
0,01-22-2020
0,01-22-2020
17,01-22-2020
0,01-22-2020
0,01-22-2020
0,01-22-2020
0,01-22-2020
0,01-22-2020
0,01-22-2020
0,01-22-2020
0,01-22-2020
0,01-22-2020
0,01-22-2020
0,01-22-2020
0,01-22-2020
0,01-22-2020
0,01-22-2020
0,01-22-2020
0,01-22-2020
0,01-22-2020
0,01-22-2020
0,01-22-2020
0,01-22-2020
0,01-22-2020
0,01-22-2020
0,01-22-2020
0,01-22-2020
0,01-23-2020
0,01-23-2020
0,01-23-2020
0,01-23-2020
0,01-23-2020
0,01-23-2020
0,01-23-2020
0,01-23-2020
0,01-23-2020
1,01-23-2020
0,01-23-2020
0,01-23-2020
0,01-23-2020
17,01-23-2020
0,01-23-2020
0,01-23-2020
0,01-23-2020
0,01-23-2020
0,01-23-2020
0,01-23-2020
0,01-23-2020
0,01-23-2020
0,01-23-2020
0,01-23-2020
0,01-23-2020
0,01-23-2020
0,01-23-2020
0,01-23-2020
0,01-23-2020
0,01-23-2020
0,01-23-2020
0,01-23-2020
0,01-23-2020
0,01-23-2020
0,01-23-2020
0,01-23-2020
0,01-23-2020
0,01-23-2020
0,01-23-2020
0,01-23-2020
0,01-23-2020
0,01-23-2020
0,01-23-2020
0,01-23-2020
0,01-23-2020
0,01-23-2020
24,01-24-2020
0,01-24-2020
0,01-24-2020
0,01-24-2020
0,01-24-2020
0,01-24-2020
0,01-24-2020
0,01-24-2020
0,01-24-2020
0,01-24-2020
0,01-24-2020
0,01-24-2020
0,01-24-2020
0,01-24-2020
0,01-24-2020
0,01-24-2020
0,01-24-2020
0,01-24-2020
0,01-24-2020
1,01-24-2020
0,01-24-2020
0,01-24-2020
0,01-24-2020
0,01-24-2020
0,01-24-2020
0,01-24-2020
0,01-24-2020
1,01-24-2020
0,01-24-2020
0,01-24-2020
0,01-24-2020
0,01-24-2020
0,01-24-2020
0,01-24-2020
0,01-24-2020
0,01-24-2020
0,01-24-2020
0,01-24-2020
0,01-24-2020
0,01-24-2020
0,01-24-2020
40,01-25-2020
0,01-25-2020
0,01-25-2020
0,01-25-2020
0,01-25-2020
0,01-25-2020
0,01-25-2020
0,01-25-2020
0,01-25-2020
0,01-25-2020
0,01-25-2020
0,01-25-2020
0,01-25-2020
0,01-25-2020
0,01-25-2020
0,01-25-2020
0,01-25-2020
0,01-25-2020
0,01-25-2020
0,01-25-2020
1,01-25-2020
1,01-25-2020
0,01-25-2020
0,01-25-2020
0,01-25-2020
0,01-25-2020
0,01-25-2020
0,01-25-2020
0,01-25-2020
0,01-25-2020
0,01-25-2020
0,01-25-2020
0,01-25-2020
0,01-25-2020
0,01-25-2020
0,01-25-2020
0,01-25-2020
0,01-25-2020
0,01-25-2020
0,01-25-2020
0,01-25-2020
0,01-25-2020
0,01-25-2020
0,01-25-2020
52,01-26-2020
0,01-26-2020
0,01-26-2020
1,01-26-2020
0,01-26-2020
0,01-26-2020
0,01-26-2020
0,01-26-2020
0,01-26-2020
0,01-26-2020
1,01-26-2020
0,01-26-2020
0,01-26-2020
0,01-26-2020
0,01-26-2020
0,01-26-2020
0,01-26-2020
0,01-26-2020
0,01-26-2020
1,01-26-2020
0,01-26-2020
1,01-26-2020
0,01-26-2020
0,01-26-2020
0,01-26-2020
0,01-26-2020
0,01-26-2020
0,01-26-2020
0,01-26-2020
0,01-26-2020
0,01-26-2020
0,01-26-2020
0,01-26-2020
0,01-26-2020
0,01-26-2020
0,01-26-2020
0,01-26-2020
0,01-26-2020
0,01-26-2020
0,01-26-2020
0,01-26-2020
0,01-26-2020
0,01-26-2020
0,01-26-2020
0,01-26-2020
0,01-26-2020
0,01-26-2020
76,01-27-2020
0,01-27-2020
0,01-27-2020
1,01-27-2020
0,01-27-2020
0,01-27-2020
1,01-27-2020
0,01-27-2020
0,01-27-2020
0,01-27-2020
0,01-27-2020
0,01-27-2020
1,01-27-2020
0,01-27-2020
0,01-27-2020
0,01-27-2020
1,01-27-2020
0,01-27-2020
0,01-27-2020
0,01-27-2020
1,01-27-2020
1,01-27-2020
0,01-27-2020
0,01-27-2020
0,01-27-2020
0,01-27-2020
0,01-27-2020
0,01-27-2020
0,01-27-2020
0,01-27-2020
0,01-27-2020
0,01-27-2020
0,01-27-2020
0,01-27-2020
0,01-27-2020
0,01-27-2020
0,01-27-2020
0,01-27-2020
0,01-27-2020
0,01-27-2020
0,01-27-2020
0,01-27-2020
0,01-27-2020
0,01-27-2020
0,01-27-2020
0,01-27-2020
0,01-27-2020
0,01-27-2020
0,01-27-2020
0,01-27-2020
0,01-27-2020
125,01-28-2020
0,01-28-2020
0,01-28-2020
1,01-28-2020
0,01-28-2020
0,01-28-2020
0,01-28-2020
0,01-28-2020
0,01-28-2020
1,01-28-2020
0,01-28-2020
0,01-28-2020
0,01-28-2020
1,01-28-2020
0,01-28-2020
0,01-28-2020
0,01-28-2020
1,01-28-2020
0,01-28-2020
1,01-28-2020
1,01-28-2020
0,01-28-2020
0,01-28-2020
0,01-28-2020
0,01-28-2020
0,01-28-2020
0,01-28-2020
0,01-28-2020
0,01-28-2020
0,01-28-2020
0,01-28-2020
0,01-28-2020
0,01-28-2020
0,01-28-2020
0,01-28-2020
0,01-28-2020
0,01-28-2020
0,01-28-2020
0,01-28-2020
0,01-28-2020
0,01-28-2020
0,01-28-2020
0,01-28-2020
0,01-28-2020
0,01-28-2020
0,01-28-2020
0,01-28-2020
0,01-28-2020
0,01-28-2020
0,01-28-2020
0,01-28-2020
0,01-28-2020
125,01-29-2020
0,01-29-2020
0,01-29-2020
0,01-29-2020
2,01-29-2020
0,01-29-2020
0,01-29-2020
0,01-29-2020
1,01-29-2020
0,01-29-2020
1,01-29-2020
0,01-29-2020
1,01-29-2020
0,01-29-2020
0,01-29-2020
0,01-29-2020
0,01-29-2020
1,01-29-2020
1,01-29-2020
0,01-29-2020
1,01-29-2020
0,01-29-2020
0,01-29-2020
0,01-29-2020
0,01-29-2020
0,01-29-2020
0,01-29-2020
0,01-29-2020
0,01-29-2020
0,01-29-2020
0,01-29-2020
0,01-29-2020
0,01-29-2020
0,01-29-2020
0,01-29-2020
0,01-29-2020
0,01-29-2020
0,01-29-2020
0,01-29-2020
0,01-29-2020
0,01-29-2020
0,01-29-2020
0,01-29-2020
0,01-29-2020
0,01-29-2020
0,01-29-2020
0,01-29-2020
0,01-29-2020
0,01-29-2020
0,01-29-2020
0,01-29-2020
0,01-29-2020
0,01-29-2020
0,01-29-2020
162,01-30-2020
0,01-30-2020
0,01-30-2020
2,01-30-2020
0,01-30-2020
0,01-30-2020
0,01-30-2020
0,01-30-2020
0,01-30-2020
1,01-30-2020
0,01-30-2020
1,01-30-2020
1,01-30-2020
0,01-30-2020
0,01-30-2020
0,01-30-2020
1,01-30-2020
0,01-30-2020
1,01-30-2020
2,01-30-2020
0,01-30-2020
0,01-30-2020
0,01-30-2020
0,01-30-2020
0,01-30-2020
0,01-30-2020
0,01-30-2020
0,01-30-2020
0,01-30-2020
0,01-30-2020
0,01-30-2020
0,01-30-2020
0,01-30-2020
0,01-30-2020
0,01-30-2020
0,01-30-2020
0,01-30-2020
0,01-30-2020
0,01-30-2020
0,01-30-2020
0,01-30-2020
0,01-30-2020
0,01-30-2020
0,01-30-2020
0,01-30-2020
0,01-30-2020
0,01-30-2020
0,01-30-2020
0,01-30-2020
0,01-30-2020
0,01-30-2020
0,01-30-2020
0,01-30-2020
0,01-30-2020
0,01-30-2020
0,01-30-2020
0,01-30-2020
0,01-30-2020
204,01-31-2020
0,01-31-2020
0,01-31-2020
2,01-31-2020
0,01-31-2020
0,01-31-2020
0,01-31-2020
0,01-31-2020
0,01-31-2020
1,01-31-2020
0,01-31-2020
1,01-31-2020
1,01-31-2020
0,01-31-2020
0,01-31-2020
0,01-31-2020
0,01-31-2020
1,01-31-2020
2,01-31-2020
1,01-31-2020
0,01-31-2020
0,01-31-2020
0,01-31-2020
0,01-31-2020
0,01-31-2020
0,01-31-2020
0,01-31-2020
0,01-31-2020
0,01-31-2020
0,01-31-2020
0,01-31-2020
0,01-31-2020
0,01-31-2020
0,01-31-2020
0,01-31-2020
0,01-31-2020
0,01-31-2020
0,01-31-2020
0,01-31-2020
0,01-31-2020
0,01-31-2020
0,01-31-2020
0,01-31-2020
0,01-31-2020
0,01-31-2020
0,01-31-2020
0,01-31-2020
0,01-31-2020
0,01-31-2020
0,01-31-2020
0,01-31-2020
0,01-31-2020
0,01-31-2020
0,01-31-2020
0,01-31-2020
0,01-31-2020
0,01-31-2020
0,01-31-2020
0,01-31-2020
0,01-31-2020
0,01-31-2020
0,01-31-2020
249,02-01-2020
0,02-01-2020
0,02-01-2020
2,02-01-2020
0,02-01-2020
0,02-01-2020
0,02-01-2020
1,02-01-2020
1,02-01-2020
0,02-01-2020
0,02-01-2020
1,02-01-2020
1,02-01-2020
0,02-01-2020
0,02-01-2020
0,02-01-2020
1,02-01-2020
0,02-01-2020
2,02-01-2020
0,02-01-2020
1,02-01-2020
0,02-01-2020
0,02-01-2020
0,02-01-2020
0,02-01-2020
0,02-01-2020
0,02-01-2020
0,02-01-2020
0,02-01-2020
0,02-01-2020
0,02-01-2020
0,02-01-2020
0,02-01-2020
0,02-01-2020
0,02-01-2020
0,02-01-2020
0,02-01-2020
0,02-01-2020
0,02-01-2020
0,02-01-2020
0,02-01-2020
0,02-01-2020
0,02-01-2020
0,02-01-2020
0,02-01-2020
0,02-01-2020
0,02-01-2020
0,02-01-2020
0,02-01-2020
2,02-01-2020
0,02-01-2020
0,02-01-2020
0,02-01-2020
0,02-01-2020
0,02-01-2020
0,02-01-2020
0,02-01-2020
0,02-01-2020
0,02-01-2020
0,02-01-2020
0,02-01-2020
1,02-01-2020
1,02-01-2020
1,02-01-2020
1,02-01-2020
1,02-01-2020
1,02-01-2020
350,02-02-2020
0,02-02-2020
0,02-02-2020
2,02-02-2020
0,02-02-2020
0,02-02-2020
0,02-02-2020
2,02-02-2020
0,02-02-2020
1,02-02-2020
0,02-02-2020
1,02-02-2020
1,02-02-2020
0,02-02-2020
0,02-02-2020
0,02-02-2020
0,02-02-2020
1,02-02-2020
2,02-02-2020
0,02-02-2020
0,02-02-2020
1,02-02-2020
0,02-02-2020
0,02-02-2020
0,02-02-2020
0,02-02-2020
0,02-02-2020
0,02-02-2020
0,02-02-2020
0,02-02-2020
0,02-02-2020
0,02-02-2020
0,02-02-2020
0,02-02-2020
0,02-02-2020
0,02-02-2020
0,02-02-2020
0,02-02-2020
0,02-02-2020
0,02-02-2020
0,02-02-2020
0,02-02-2020
0,02-02-2020
0,02-02-2020
0,02-02-2020
0,02-02-2020
0,02-02-2020
0,02-02-2020
0,02-02-2020
1,02-02-2020
0,02-02-2020
0,02-02-2020
2,02-02-2020
0,02-02-2020
0,02-02-2020
0,02-02-2020
0,02-02-2020
0,02-02-2020
0,02-02-2020
0,02-02-2020
0,02-02-2020
1,02-02-2020
1,02-02-2020
1,02-02-2020
1,02-02-2020
1,02-02-2020
1,02-02-2020
414,02-03-2020
0,02-03-2020
0,02-03-2020
2,02-03-2020
0,02-03-2020
0,02-03-2020
0,02-03-2020
2,02-03-2020
0,02-03-2020
0,02-03-2020
1,02-03-2020
1,02-03-2020
1,02-03-2020
0,02-03-2020
0,02-03-2020
0,02-03-2020
2,02-03-2020
0,02-03-2020
1,02-03-2020
0,02-03-2020
0,02-03-2020
1,02-03-2020
0,02-03-2020
0,02-03-2020
0,02-03-2020
0,02-03-2020
0,02-03-2020
0,02-03-2020
0,02-03-2020
0,02-03-2020
0,02-03-2020
0,02-03-2020
0,02-03-2020
0,02-03-2020
0,02-03-2020
0,02-03-2020
0,02-03-2020
0,02-03-2020
0,02-03-2020
0,02-03-2020
0,02-03-2020
0,02-03-2020
0,02-03-2020
0,02-03-2020
0,02-03-2020
0,02-03-2020
0,02-03-2020
0,02-03-2020
0,02-03-2020
1,02-03-2020
0,02-03-2020
0,02-03-2020
2,02-03-2020
2,02-03-2020
2,02-03-2020
0,02-03-2020
0,02-03-2020
0,02-03-2020
0,02-03-2020
0,02-03-2020
0,02-03-2020
0,02-03-2020
0,02-03-2020
1,02-03-2020
1,02-03-2020
1,02-03-2020
1,02-03-2020
1,02-03-2020
479,02-04-2020
0,02-04-2020
0,02-04-2020
2,02-04-2020
0,02-04-2020
0,02-04-2020
0,02-04-2020
2,02-04-2020
0,02-04-2020
1,02-04-2020
0,02-04-2020
1,02-04-2020
1,02-04-2020
0,02-04-2020
2,02-04-2020
0,02-04-2020
0,02-04-2020
1,02-04-2020
0,02-04-2020
0,02-04-2020
0,02-04-2020
1,02-04-2020
0,02-04-2020
0,02-04-2020
0,02-04-2020
0,02-04-2020
0,02-04-2020
0,02-04-2020
0,02-04-2020
0,02-04-2020
0,02-04-2020
0,02-04-2020
1,02-04-2020
0,02-04-2020
0,02-04-2020
0,02-04-2020
0,02-04-2020
0,02-04-2020
0,02-04-2020
0,02-04-2020
0,02-04-2020
0,02-04-2020
0,02-04-2020
0,02-04-2020
0,02-04-2020
0,02-04-2020
0,02-04-2020
2,02-04-2020
0,02-04-2020
1,02-04-2020
0,02-04-2020
0,02-04-2020
2,02-04-2020
2,02-04-2020
2,02-04-2020
0,02-04-2020
0,02-04-2020
0,02-04-2020
1,02-04-2020
0,02-04-2020
0,02-04-2020
0,02-04-2020
0,02-04-2020
0,02-04-2020
0,02-04-2020
1,02-04-2020
1,02-04-2020
1,02-04-2020
1,02-04-2020
1,02-04-2020
549,02-05-2020
0,02-05-2020
0,02-05-2020
2,02-05-2020
0,02-05-2020
0,02-05-2020
0,02-05-2020
2,02-05-2020
0,02-05-2020
0,02-05-2020
1,02-05-2020
1,02-05-2020
1,02-05-2020
0,02-05-2020
2,02-05-2020
0,02-05-2020
0,02-05-2020
1,02-05-2020
0,02-05-2020
1,02-05-2020
0,02-05-2020
0,02-05-2020
1,02-05-2020
1,02-05-2020
0,02-05-2020
0,02-05-2020
0,02-05-2020
0,02-05-2020
0,02-05-2020
0,02-05-2020
0,02-05-2020
0,02-05-2020
1,02-05-2020
0,02-05-2020
0,02-05-2020
0,02-05-2020
0,02-05-2020
0,02-05-2020
0,02-05-2020
0,02-05-2020
0,02-05-2020
0,02-05-2020
0,02-05-2020
0,02-05-2020
0,02-05-2020
0,02-05-2020
0,02-05-2020
0,02-05-2020
2,02-05-2020
0,02-05-2020
1,02-05-2020
0,02-05-2020
0,02-05-2020
2,02-05-2020
2,02-05-2020
2,02-05-2020
0,02-05-2020
0,02-05-2020
1,02-05-2020
0,02-05-2020
0,02-05-2020
0,02-05-2020
0,02-05-2020
0,02-05-2020
0,02-05-2020
1,02-05-2020
1,02-05-2020
1,02-05-2020
1,02-05-2020
1,02-05-2020
1,02-05-2020
618,02-06-2020
0,02-06-2020
0,02-06-2020
2,02-06-2020
0,02-06-2020
0,02-06-2020
0,02-06-2020
2,02-06-2020
0,02-06-2020
0,02-06-2020
1,02-06-2020
1,02-06-2020
1,02-06-2020
3,02-06-2020
0,02-06-2020
0,02-06-2020
0,02-06-2020
1,02-06-2020
0,02-06-2020
1,02-06-2020
0,02-06-2020
0,02-06-2020
1,02-06-2020
1,02-06-2020
0,02-06-2020
0,02-06-2020
0,02-06-2020
0,02-06-2020
0,02-06-2020
0,02-06-2020
0,02-06-2020
0,02-06-2020
1,02-06-2020
0,02-06-2020
0,02-06-2020
0,02-06-2020
0,02-06-2020
0,02-06-2020
0,02-06-2020
0,02-06-2020
0,02-06-2020
0,02-06-2020
0,02-06-2020
0,02-06-2020
0,02-06-2020
0,02-06-2020
0,02-06-2020
0,02-06-2020
2,02-06-2020
0,02-06-2020
1,02-06-2020
0,02-06-2020
0,02-06-2020
2,02-06-2020
2,02-06-2020
2,02-06-2020
0,02-06-2020
0,02-06-2020
1,02-06-2020
0,02-06-2020
0,02-06-2020
0,02-06-2020
0,02-06-2020
0,02-06-2020
0,02-06-2020
1,02-06-2020
1,02-06-2020
1,02-06-2020
1,02-06-2020
1,02-06-2020
1,02-06-2020
699,02-07-2020
1,02-07-2020
0,02-07-2020
3,02-07-2020
0,02-07-2020
0,02-07-2020
0,02-07-2020
2,02-07-2020
0,02-07-2020
0,02-07-2020
1,02-07-2020
1,02-07-2020
3,02-07-2020
1,02-07-2020
0,02-07-2020
0,02-07-2020
0,02-07-2020
1,02-07-2020
0,02-07-2020
2,02-07-2020
0,02-07-2020
0,02-07-2020
1,02-07-2020
1,02-07-2020
0,02-07-2020
1,02-07-2020
0,02-07-2020
0,02-07-2020
0,02-07-2020
0,02-07-2020
0,02-07-2020
1,02-07-2020
0,02-07-2020
0,02-07-2020
0,02-07-2020
0,02-07-2020
0,02-07-2020
0,02-07-2020
0,02-07-2020
0,02-07-2020
0,02-07-2020
0,02-07-2020
0,02-07-2020
0,02-07-2020
0,02-07-2020
0,02-07-2020
0,02-07-2020
0,02-07-2020
0,02-07-2020
1,02-07-2020
0,02-07-2020
0,02-07-2020
2,02-07-2020
0,02-07-2020
2,02-07-2020
2,02-07-2020
2,02-07-2020
0,02-07-2020
0,02-07-2020
1,02-07-2020
0,02-07-2020
0,02-07-2020
0,02-07-2020
0,02-07-2020
0,02-07-2020
0,02-07-2020
1,02-07-2020
1,02-07-2020
1,02-07-2020
1,02-07-2020
1,02-07-2020
1,02-07-2020
780,02-08-2020
1,02-08-2020
0,02-08-2020
4,02-08-2020
1,02-08-2020
0,02-08-2020
0,02-08-2020
0,02-08-2020
2,02-08-2020
0,02-08-2020
1,02-08-2020
2,02-08-2020
5,02-08-2020
1,02-08-2020
0,02-08-2020
1,02-08-2020
0,02-08-2020
0,02-08-2020
0,02-08-2020
2,02-08-2020
0,02-08-2020
0,02-08-2020
1,02-08-2020
1,02-08-2020
1,02-08-2020
1,02-08-2020
0,02-08-2020
0,02-08-2020
0,02-08-2020
0,02-08-2020
0,02-08-2020
0,02-08-2020
1,02-08-2020
0,02-08-2020
0,02-08-2020
0,02-08-2020
0,02-08-2020
0,02-08-2020
0,02-08-2020
0,02-08-2020
0,02-08-2020
0,02-08-2020
0,02-08-2020
0,02-08-2020
0,02-08-2020
0,02-08-2020
0,02-08-2020
0,02-08-2020
0,02-08-2020
1,02-08-2020
0,02-08-2020
0,02-08-2020
2,02-08-2020
0,02-08-2020
2,02-08-2020
2,02-08-2020
2,02-08-2020
0,02-08-2020
0,02-08-2020
1,02-08-2020
0,02-08-2020
0,02-08-2020
0,02-08-2020
0,02-08-2020
0,02-08-2020
0,02-08-2020
1,02-08-2020
1,02-08-2020
1,02-08-2020
1,02-08-2020
1,02-08-2020
1,02-08-2020
871,02-09-2020
1,02-09-2020
0,02-09-2020
6,02-09-2020
1,02-09-2020
1,02-09-2020
0,02-09-2020
2,02-09-2020
0,02-09-2020
1,02-09-2020
1,02-09-2020
2,02-09-2020
6,02-09-2020
1,02-09-2020
0,02-09-2020
0,02-09-2020
2,02-09-2020
1,02-09-2020
0,02-09-2020
3,02-09-2020
0,02-09-2020
0,02-09-2020
1,02-09-2020
1,02-09-2020
2,02-09-2020
1,02-09-2020
0,02-09-2020
0,02-09-2020
0,02-09-2020
0,02-09-2020
0,02-09-2020
0,02-09-2020
1,02-09-2020
0,02-09-2020
0,02-09-2020
0,02-09-2020
0,02-09-2020
0,02-09-2020
0,02-09-2020
0,02-09-2020
0,02-09-2020
0,02-09-2020
0,02-09-2020
0,02-09-2020
0,02-09-2020
0,02-09-2020
0,02-09-2020
0,02-09-2020
0,02-09-2020
1,02-09-2020
0,02-09-2020
0,02-09-2020
2,02-09-2020
0,02-09-2020
0,02-09-2020
2,02-09-2020
2,02-09-2020
2,02-09-2020
0,02-09-2020
0,02-09-2020
1,02-09-2020
0,02-09-2020
0,02-09-2020
0,02-09-2020
0,02-09-2020
0,02-09-2020
1,02-09-2020
1,02-09-2020
1,02-09-2020
1,02-09-2020
1,02-09-2020
1,02-09-2020
974,02-10-2020
1,02-10-2020
0,02-10-2020
6,02-10-2020
1,02-10-2020
3,02-10-2020
1,02-10-2020
0,02-10-2020
2,02-10-2020
1,02-10-2020
1,02-10-2020
2,02-10-2020
7,02-10-2020
1,02-10-2020
0,02-10-2020
2,02-10-2020
0,02-10-2020
1,02-10-2020
0,02-10-2020
3,02-10-2020
0,02-10-2020
0,02-10-2020
1,02-10-2020
0,02-10-2020
1,02-10-2020
2,02-10-2020
1,02-10-2020
0,02-10-2020
0,02-10-2020
0,02-10-2020
0,02-10-2020
1,02-10-2020
0,02-10-2020
0,02-10-2020
0,02-10-2020
0,02-10-2020
0,02-10-2020
0,02-10-2020
0,02-10-2020
0,02-10-2020
0,02-10-2020
0,02-10-2020
0,02-10-2020
0,02-10-2020
0,02-10-2020
0,02-10-2020
0,02-10-2020
0,02-10-2020
0,02-10-2020
0,02-10-2020
1,02-10-2020
0,02-10-2020
2,02-10-2020
0,02-10-2020
0,02-10-2020
2,02-10-2020
2,02-10-2020
2,02-10-2020
0,02-10-2020
0,02-10-2020
1,02-10-2020
0,02-10-2020
0,02-10-2020
0,02-10-2020
0,02-10-2020
0,02-10-2020
1,02-10-2020
1,02-10-2020
1,02-10-2020
1,02-10-2020
1,02-10-2020
1,02-10-2020
1068,02-11-2020
1,02-11-2020
0,02-11-2020
7,02-11-2020
1,02-11-2020
4,02-11-2020
1,02-11-2020
0,02-11-2020
3,02-11-2020
1,02-11-2020
1,02-11-2020
8,02-11-2020
3,02-11-2020
1,02-11-2020
0,02-11-2020
2,02-11-2020
0,02-11-2020
1,02-11-2020
0,02-11-2020
3,02-11-2020
0,02-11-2020
1,02-11-2020
0,02-11-2020
0,02-11-2020
2,02-11-2020
2,02-11-2020
1,02-11-2020
0,02-11-2020
0,02-11-2020
0,02-11-2020
1,02-11-2020
0,02-11-2020
0,02-11-2020
0,02-11-2020
0,02-11-2020
0,02-11-2020
0,02-11-2020
0,02-11-2020
0,02-11-2020
0,02-11-2020
0,02-11-2020
0,02-11-2020
0,02-11-2020
0,02-11-2020
0,02-11-2020
0,02-11-2020
0,02-11-2020
0,02-11-2020
0,02-11-2020
0,02-11-2020
1,02-11-2020
0,02-11-2020
2,02-11-2020
0,02-11-2020
0,02-11-2020
2,02-11-2020
2,02-11-2020
2,02-11-2020
0,02-11-2020
0,02-11-2020
1,02-11-2020
0,02-11-2020
0,02-11-2020
0,02-11-2020
0,02-11-2020
0,02-11-2020
1,02-11-2020
1,02-11-2020
1,02-11-2020
1,02-11-2020
1,02-11-2020
1,02-11-2020
1,02-11-2020
1068,02-12-2020
1,02-12-2020
8,02-12-2020
0,02-12-2020
2,02-12-2020
4,02-12-2020
1,02-12-2020
0,02-12-2020
3,02-12-2020
2,02-12-2020
1,02-12-2020
8,02-12-2020
3,02-12-2020
1,02-12-2020
0,02-12-2020
2,02-12-2020
0,02-12-2020
1,02-12-2020
0,02-12-2020
4,02-12-2020
0,02-12-2020
1,02-12-2020
0,02-12-2020
1,02-12-2020
2,02-12-2020
2,02-12-2020
1,02-12-2020
0,02-12-2020
0,02-12-2020
0,02-12-2020
1,02-12-2020
0,02-12-2020
0,02-12-2020
0,02-12-2020
0,02-12-2020
0,02-12-2020
0,02-12-2020
0,02-12-2020
0,02-12-2020
0,02-12-2020
0,02-12-2020
0,02-12-2020
0,02-12-2020
0,02-12-2020
0,02-12-2020
0,02-12-2020
0,02-12-2020
0,02-12-2020
0,02-12-2020
0,02-12-2020
1,02-12-2020
0,02-12-2020
2,02-12-2020
0,02-12-2020
0,02-12-2020
2,02-12-2020
2,02-12-2020
2,02-12-2020
0,02-12-2020
0,02-12-2020
1,02-12-2020
0,02-12-2020
0,02-12-2020
0,02-12-2020
0,02-12-2020
0,02-12-2020
1,02-12-2020
1,02-12-2020
1,02-12-2020
1,02-12-2020
1,02-12-2020
1,02-12-2020
1,02-12-2020
1310,02-13-2020
2,02-13-2020
10,02-13-2020
0,02-13-2020
2,02-13-2020
5,02-13-2020
1,02-13-2020
0,02-13-2020
4,02-13-2020
2,02-13-2020
1,02-13-2020
9,02-13-2020
3,02-13-2020
1,02-13-2020
0,02-13-2020
3,02-13-2020
0,02-13-2020
2,02-13-2020
0,02-13-2020
4,02-13-2020
0,02-13-2020
1,02-13-2020
0,02-13-2020
3,02-13-2020
1,02-13-2020
2,02-13-2020
1,02-13-2020
0,02-13-2020
1,02-13-2020
0,02-13-2020
0,02-13-2020
1,02-13-2020
0,02-13-2020
1,02-13-2020
0,02-13-2020
0,02-13-2020
0,02-13-2020
0,02-13-2020
0,02-13-2020
0,02-13-2020
0,02-13-2020
0,02-13-2020
0,02-13-2020
0,02-13-2020
0,02-13-2020
0,02-13-2020
0,02-13-2020
0,02-13-2020
0,02-13-2020
0,02-13-2020
1,02-13-2020
0,02-13-2020
2,02-13-2020
0,02-13-2020
0,02-13-2020
2,02-13-2020
2,02-13-2020
2,02-13-2020
2,02-13-2020
0,02-13-2020
0,02-13-2020
1,02-13-2020
0,02-13-2020
0,02-13-2020
0,02-13-2020
0,02-13-2020
0,02-13-2020
1,02-13-2020
1,02-13-2020
1,02-13-2020
1,02-13-2020
1,02-13-2020
1,02-13-2020
1,02-13-2020
1457,02-14-2020
2,02-14-2020
11,02-14-2020
0,02-14-2020
2,02-14-2020
6,02-14-2020
1,02-14-2020
0,02-14-2020
5,02-14-2020
2,02-14-2020
1,02-14-2020
11,02-14-2020
3,02-14-2020
1,02-14-2020
3,02-14-2020
0,02-14-2020
0,02-14-2020
2,02-14-2020
0,02-14-2020
0,02-14-2020
4,02-14-2020
1,02-14-2020
0,02-14-2020
3,02-14-2020
1,02-14-2020
2,02-14-2020
1,02-14-2020
0,02-14-2020
0,02-14-2020
0,02-14-2020
1,02-14-2020
1,02-14-2020
0,02-14-2020
1,02-14-2020
0,02-14-2020
0,02-14-2020
0,02-14-2020
0,02-14-2020
0,02-14-2020
0,02-14-2020
0,02-14-2020
0,02-14-2020
0,02-14-2020
0,02-14-2020
0,02-14-2020
0,02-14-2020
0,02-14-2020
0,02-14-2020
0,02-14-2020
0,02-14-2020
1,02-14-2020
0,02-14-2020
2,02-14-2020
0,02-14-2020
0,02-14-2020
2,02-14-2020
2,02-14-2020
2,02-14-2020
2,02-14-2020
0,02-14-2020
0,02-14-2020
1,02-14-2020
0,02-14-2020
0,02-14-2020
0,02-14-2020
0,02-14-2020
0,02-14-2020
0,02-14-2020
1,02-14-2020
1,02-14-2020
1,02-14-2020
1,02-14-2020
1,02-14-2020
1,02-14-2020
1,02-14-2020
1596,02-15-2020
2,02-15-2020
13,02-15-2020
0,02-15-2020
2,02-15-2020
6,02-15-2020
1,02-15-2020
0,02-15-2020
5,02-15-2020
2,02-15-2020
1,02-15-2020
11,02-15-2020
4,02-15-2020
1,02-15-2020
3,02-15-2020
0,02-15-2020
0,02-15-2020
2,02-15-2020
0,02-15-2020
0,02-15-2020
4,02-15-2020
1,02-15-2020
0,02-15-2020
3,02-15-2020
1,02-15-2020
2,02-15-2020
1,02-15-2020
0,02-15-2020
0,02-15-2020
1,02-15-2020
0,02-15-2020
1,02-15-2020
1,02-15-2020
0,02-15-2020
0,02-15-2020
0,02-15-2020
0,02-15-2020
0,02-15-2020
0,02-15-2020
0,02-15-2020
1,02-15-2020
0,02-15-2020
0,02-15-2020
0,02-15-2020
0,02-15-2020
0,02-15-2020
0,02-15-2020
0,02-15-2020
0,02-15-2020
0,02-15-2020
1,02-15-2020
0,02-15-2020
2,02-15-2020
0,02-15-2020
0,02-15-2020
2,02-15-2020
2,02-15-2020
2,02-15-2020
2,02-15-2020
0,02-15-2020
0,02-15-2020
1,02-15-2020
0,02-15-2020
0,02-15-2020
0,02-15-2020
0,02-15-2020
0,02-15-2020
0,02-15-2020
1,02-15-2020
1,02-15-2020
1,02-15-2020
1,02-15-2020
1,02-15-2020
1,02-15-2020
1,02-15-2020
1696,02-16-2020
2,02-16-2020
13,02-16-2020
0,02-16-2020
3,02-16-2020
6,02-16-2020
1,02-16-2020
0,02-16-2020
5,02-16-2020
2,02-16-2020
3,02-16-2020
11,02-16-2020
4,02-16-2020
0,02-16-2020
1,02-16-2020
3,02-16-2020
0,02-16-2020
2,02-16-2020
0,02-16-2020
0,02-16-2020
4,02-16-2020
1,02-16-2020
0,02-16-2020
3,02-16-2020
1,02-16-2020
2,02-16-2020
1,02-16-2020
0,02-16-2020
1,02-16-2020
0,02-16-2020
0,02-16-2020
1,02-16-2020
1,02-16-2020
0,02-16-2020
0,02-16-2020
0,02-16-2020
1,02-16-2020
0,02-16-2020
0,02-16-2020
0,02-16-2020
1,02-16-2020
0,02-16-2020
0,02-16-2020
0,02-16-2020
0,02-16-2020
0,02-16-2020
0,02-16-2020
0,02-16-2020
0,02-16-2020
0,02-16-2020
1,02-16-2020
0,02-16-2020
2,02-16-2020
0,02-16-2020
0,02-16-2020
2,02-16-2020
2,02-16-2020
2,02-16-2020
2,02-16-2020
0,02-16-2020
0,02-16-2020
1,02-16-2020
0,02-16-2020
0,02-16-2020
0,02-16-2020
0,02-16-2020
0,02-16-2020
0,02-16-2020
1,02-16-2020
1,02-16-2020
1,02-16-2020
1,02-16-2020
1,02-16-2020
1,02-16-2020
1,02-16-2020
1789,02-17-2020
4,02-17-2020
16,02-17-2020
0,02-17-2020
3,02-17-2020
6,02-17-2020
1,02-17-2020
0,02-17-2020
5,02-17-2020
2,02-17-2020
3,02-17-2020
11,02-17-2020
0,02-17-2020
4,02-17-2020
1,02-17-2020
3,02-17-2020
0,02-17-2020
0,02-17-2020
2,02-17-2020
0,02-17-2020
4,02-17-2020
1,02-17-2020
0,02-17-2020
3,02-17-2020
1,02-17-2020
2,02-17-2020
1,02-17-2020
0,02-17-2020
1,02-17-2020
0,02-17-2020
0,02-17-2020
1,02-17-2020
1,02-17-2020
0,02-17-2020
0,02-17-2020
0,02-17-2020
1,02-17-2020
0,02-17-2020
0,02-17-2020
0,02-17-2020
1,02-17-2020
0,02-17-2020
0,02-17-2020
0,02-17-2020
0,02-17-2020
0,02-17-2020
0,02-17-2020
0,02-17-2020
0,02-17-2020
0,02-17-2020
1,02-17-2020
0,02-17-2020
2,02-17-2020
0,02-17-2020
0,02-17-2020
2,02-17-2020
2,02-17-2020
2,02-17-2020
2,02-17-2020
0,02-17-2020
0,02-17-2020
1,02-17-2020
0,02-17-2020
0,02-17-2020
0,02-17-2020
0,02-17-2020
0,02-17-2020
0,02-17-2020
1,02-17-2020
1,02-17-2020
1,02-17-2020
1,02-17-2020
1,02-17-2020
1,02-17-2020
1,02-17-2020
1921,02-18-2020
4,02-18-2020
19,02-18-2020
0,02-18-2020
4,02-18-2020
6,02-18-2020
1,02-18-2020
0,02-18-2020
5,02-18-2020
3,02-18-2020
0,02-18-2020
3,02-18-2020
11,02-18-2020
4,02-18-2020
1,02-18-2020
4,02-18-2020
0,02-18-2020
2,02-18-2020
0,02-18-2020
0,02-18-2020
4,02-18-2020
2,02-18-2020
0,02-18-2020
3,02-18-2020
1,02-18-2020
2,02-18-2020
1,02-18-2020
0,02-18-2020
1,02-18-2020
1,02-18-2020
0,02-18-2020
0,02-18-2020
1,02-18-2020
0,02-18-2020
0,02-18-2020
0,02-18-2020
1,02-18-2020
0,02-18-2020
0,02-18-2020
0,02-18-2020
1,02-18-2020
0,02-18-2020
0,02-18-2020
0,02-18-2020
0,02-18-2020
0,02-18-2020
0,02-18-2020
0,02-18-2020
0,02-18-2020
0,02-18-2020
1,02-18-2020
0,02-18-2020
2,02-18-2020
0,02-18-2020
0,02-18-2020
2,02-18-2020
2,02-18-2020
2,02-18-2020
2,02-18-2020
0,02-18-2020
0,02-18-2020
1,02-18-2020
0,02-18-2020
0,02-18-2020
0,02-18-2020
0,02-18-2020
0,02-18-2020
0,02-18-2020
1,02-18-2020
1,02-18-2020
1,02-18-2020
1,02-18-2020
1,02-18-2020
1,02-18-2020
1,02-18-2020
2029,02-19-2020
5,02-19-2020
19,02-19-2020
0,02-19-2020
4,02-19-2020
6,02-19-2020
1,02-19-2020
0,02-19-2020
0,02-19-2020
5,02-19-2020
3,02-19-2020
3,02-19-2020
12,02-19-2020
4,02-19-2020
2,02-19-2020
4,02-19-2020
0,02-19-2020
2,02-19-2020
0,02-19-2020
1,02-19-2020
4,02-19-2020
2,02-19-2020
0,02-19-2020
3,02-19-2020
1,02-19-2020
2,02-19-2020
1,02-19-2020
1,02-19-2020
0,02-19-2020
1,02-19-2020
0,02-19-2020
0,02-19-2020
2,02-19-2020
0,02-19-2020
0,02-19-2020
1,02-19-2020
0,02-19-2020
0,02-19-2020
0,02-19-2020
0,02-19-2020
1,02-19-2020
0,02-19-2020
0,02-19-2020
0,02-19-2020
0,02-19-2020
0,02-19-2020
0,02-19-2020
0,02-19-2020
0,02-19-2020
0,02-19-2020
1,02-19-2020
0,02-19-2020
2,02-19-2020
2,02-19-2020
0,02-19-2020
0,02-19-2020
2,02-19-2020
2,02-19-2020
2,02-19-2020
2,02-19-2020
0,02-19-2020
0,02-19-2020
1,02-19-2020
0,02-19-2020
0,02-19-2020
0,02-19-2020
0,02-19-2020
0,02-19-2020
0,02-19-2020
1,02-19-2020
1,02-19-2020
1,02-19-2020
1,02-19-2020
1,02-19-2020
1,02-19-2020
1,02-19-2020
2144,02-20-2020
5,02-20-2020
19,02-20-2020
1,02-20-2020
4,02-20-2020
6,02-20-2020
1,02-20-2020
2,02-20-2020
0,02-20-2020
6,02-20-2020
4,02-20-2020
3,02-20-2020
12,02-20-2020
4,02-20-2020
2,02-20-2020
5,02-20-2020
1,02-20-2020
2,02-20-2020
1,02-20-2020
2,02-20-2020
4,02-20-2020
2,02-20-2020
0,02-20-2020
3,02-20-2020
1,02-20-2020
1,02-20-2020
1,02-20-2020
2,02-20-2020
1,02-20-2020
0,02-20-2020
1,02-20-2020
0,02-20-2020
0,02-20-2020
2,02-20-2020
0,02-20-2020
1,02-20-2020
0,02-20-2020
0,02-20-2020
0,02-20-2020
0,02-20-2020
1,02-20-2020
0,02-20-2020
0,02-20-2020
0,02-20-2020
0,02-20-2020
0,02-20-2020
2,02-20-2020
0,02-20-2020
0,02-20-2020
0,02-20-2020
0,02-20-2020
1,02-20-2020
0,02-20-2020
2,02-20-2020
0,02-20-2020
0,02-20-2020
2,02-20-2020
2,02-20-2020
2,02-20-2020
2,02-20-2020
0,02-20-2020
0,02-20-2020
1,02-20-2020
0,02-20-2020
0,02-20-2020
0,02-20-2020
0,02-20-2020
0,02-20-2020
0,02-20-2020
1,02-20-2020
1,02-20-2020
1,02-20-2020
1,02-20-2020
1,02-20-2020
1,02-20-2020
1,02-20-2020
2144,02-21-2020
5,02-21-2020
19,02-21-2020
1,02-21-2020
4,02-21-2020
6,02-21-2020
1,02-21-2020
4,02-21-2020
2,02-21-2020
0,02-21-2020
6,02-21-2020
3,02-21-2020
12,02-21-2020
4,02-21-2020
2,02-21-2020
5,02-21-2020
1,02-21-2020
2,02-21-2020
1,02-21-2020
2,02-21-2020
2,02-21-2020
4,02-21-2020
2,02-21-2020
0,02-21-2020
3,02-21-2020
1,02-21-2020
1,02-21-2020
2,02-21-2020
1,02-21-2020
0,02-21-2020
1,02-21-2020
0,02-21-2020
0,02-21-2020
2,02-21-2020
0,02-21-2020
1,02-21-2020
0,02-21-2020
1,02-21-2020
4,02-21-2020
0,02-21-2020
0,02-21-2020
0,02-21-2020
1,02-21-2020
11,02-21-2020
0,02-21-2020
0,02-21-2020
0,02-21-2020
0,02-21-2020
0,02-21-2020
5,02-21-2020
0,02-21-2020
0,02-21-2020
0,02-21-2020
0,02-21-2020
1,02-21-2020
0,02-21-2020
2,02-21-2020
0,02-21-2020
0,02-21-2020
2,02-21-2020
2,02-21-2020
2,02-21-2020
2,02-21-2020
2,02-21-2020
0,02-21-2020
0,02-21-2020
1,02-21-2020
0,02-21-2020
0,02-21-2020
0,02-21-2020
0,02-21-2020
0,02-21-2020
0,02-21-2020
0,02-21-2020
0,02-21-2020
1,02-21-2020
1,02-21-2020
1,02-21-2020
1,02-21-2020
1,02-21-2020
1,02-21-2020
1,02-21-2020
1,02-21-2020
1,02-21-2020
2346,02-22-2020
5,02-22-2020
19,02-22-2020
1,02-22-2020
4,02-22-2020
6,02-22-2020
1,02-22-2020
4,02-22-2020
2,02-22-2020
0,02-22-2020
6,02-22-2020
3,02-22-2020
12,02-22-2020
2,02-22-2020
4,02-22-2020
3,02-22-2020
6,02-22-2020
1,02-22-2020
2,02-22-2020
1,02-22-2020
2,02-22-2020
4,02-22-2020
2,02-22-2020
3,02-22-2020
0,02-22-2020
1,02-22-2020
1,02-22-2020
2,02-22-2020
1,02-22-2020
0,02-22-2020
2,02-22-2020
0,02-22-2020
0,02-22-2020
2,02-22-2020
2,02-22-2020
0,02-22-2020
5,02-22-2020
1,02-22-2020
0,02-22-2020
0,02-22-2020
0,02-22-2020
0,02-22-2020
0,02-22-2020
1,02-22-2020
11,02-22-2020
0,02-22-2020
0,02-22-2020
0,02-22-2020
0,02-22-2020
0,02-22-2020
5,02-22-2020
0,02-22-2020
0,02-22-2020
0,02-22-2020
1,02-22-2020
0,02-22-2020
2,02-22-2020
0,02-22-2020
0,02-22-2020
2,02-22-2020
2,02-22-2020
2,02-22-2020
2,02-22-2020
2,02-22-2020
0,02-22-2020
0,02-22-2020
1,02-22-2020
0,02-22-2020
0,02-22-2020
0,02-22-2020
0,02-22-2020
0,02-22-2020
0,02-22-2020
0,02-22-2020
0,02-22-2020
1,02-22-2020
1,02-22-2020
1,02-22-2020
1,02-22-2020
1,02-22-2020
1,02-22-2020
1,02-22-2020
1,02-22-2020
1,02-22-2020
2346,02-23-2020
6,02-23-2020
19,02-23-2020
1,02-23-2020
4,02-23-2020
6,02-23-2020
1,02-23-2020
4,02-23-2020
3,02-23-2020
0,02-23-2020
6,02-23-2020
6,02-23-2020
3,02-23-2020
12,02-23-2020
4,02-23-2020
3,02-23-2020
6,02-23-2020
1,02-23-2020
2,02-23-2020
1,02-23-2020
2,02-23-2020
5,02-23-2020
3,02-23-2020
1,02-23-2020
2,02-23-2020
3,02-23-2020
0,02-23-2020
1,02-23-2020
2,02-23-2020
1,02-23-2020
0,02-23-2020
2,02-23-2020
0,02-23-2020
2,02-23-2020
0,02-23-2020
8,02-23-2020
0,02-23-2020
1,02-23-2020
0,02-23-2020
0,02-23-2020
0,02-23-2020
0,02-23-2020
0,02-23-2020
1,02-23-2020
11,02-23-2020
0,02-23-2020
0,02-23-2020
0,02-23-2020
0,02-23-2020
0,02-23-2020
5,02-23-2020
0,02-23-2020
0,02-23-2020
0,02-23-2020
1,02-23-2020
0,02-23-2020
2,02-23-2020
0,02-23-2020
0,02-23-2020
2,02-23-2020
2,02-23-2020
2,02-23-2020
2,02-23-2020
2,02-23-2020
0,02-23-2020
0,02-23-2020
1,02-23-2020
0,02-23-2020
0,02-23-2020
0,02-23-2020
0,02-23-2020
0,02-23-2020
0,02-23-2020
0,02-23-2020
0,02-23-2020
1,02-23-2020
1,02-23-2020
1,02-23-2020
1,02-23-2020
1,02-23-2020
1,02-23-2020
1,02-23-2020
1,02-23-2020
1,02-23-2020
0,02-23-2020
2495,02-24-2020
6,02-24-2020
19,02-24-2020
1,02-24-2020
4,02-24-2020
6,02-24-2020
1,02-24-2020
8,02-24-2020
5,02-24-2020
3,02-24-2020
0,02-24-2020
6,02-24-2020
3,02-24-2020
12,02-24-2020
4,02-24-2020
3,02-24-2020
6,02-24-2020
1,02-24-2020
2,02-24-2020
1,02-24-2020
7,02-24-2020
2,02-24-2020
5,02-24-2020
1,02-24-2020
2,02-24-2020
3,02-24-2020
0,02-24-2020
1,02-24-2020
1,02-24-2020
2,02-24-2020
0,02-24-2020
2,02-24-2020
2,02-24-2020
0,02-24-2020
0,02-24-2020
12,02-24-2020
0,02-24-2020
0,02-24-2020
1,02-24-2020
0,02-24-2020
0,02-24-2020
0,02-24-2020
0,02-24-2020
0,02-24-2020
0,02-24-2020
1,02-24-2020
0,02-24-2020
0,02-24-2020
0,02-24-2020
0,02-24-2020
0,02-24-2020
0,02-24-2020
3,02-24-2020
0,02-24-2020
1,02-24-2020
0,02-24-2020
0,02-24-2020
0,02-24-2020
0,02-24-2020
2,02-24-2020
2,02-24-2020
2,02-24-2020
2,02-24-2020
0,02-24-2020
0,02-24-2020
0,02-24-2020
0,02-24-2020
1,02-24-2020
0,02-24-2020
0,02-24-2020
0,02-24-2020
0,02-24-2020
0,02-24-2020
0,02-24-2020
0,02-24-2020
0,02-24-2020
0,02-24-2020
0,02-24-2020
1,02-24-2020
1,02-24-2020
1,02-24-2020
1,02-24-2020
1,02-24-2020
1,02-24-2020
1,02-24-2020
1,02-24-2020
1,02-24-2020
0,02-24-2020
0,02-24-2020
0,02-24-2020
2563,02-25-2020
7,02-25-2020
19,02-25-2020
1,02-25-2020
4,02-25-2020
6,02-25-2020
10,02-25-2020
1,02-25-2020
6,02-25-2020
3,02-25-2020
0,02-25-2020
6,02-25-2020
3,02-25-2020
12,02-25-2020
4,02-25-2020
3,02-25-2020
10,02-25-2020
6,02-25-2020
1,02-25-2020
2,02-25-2020
1,02-25-2020
2,02-25-2020
1,02-25-2020
5,02-25-2020
2,02-25-2020
3,02-25-2020
0,02-25-2020
1,02-25-2020
16,02-25-2020
1,02-25-2020
2,02-25-2020
0,02-25-2020
2,02-25-2020
2,02-25-2020
0,02-25-2020
0,02-25-2020
0,02-25-2020
0,02-25-2020
1,02-25-2020
0,02-25-2020
0,02-25-2020
0,02-25-2020
0,02-25-2020
0,02-25-2020
1,02-25-2020
0,02-25-2020
0,02-25-2020
0,02-25-2020
0,02-25-2020
0,02-25-2020
0,02-25-2020
0,02-25-2020
0,02-25-2020
0,02-25-2020
0,02-25-2020
3,02-25-2020
0,02-25-2020
1,02-25-2020
0,02-25-2020
0,02-25-2020
0,02-25-2020
0,02-25-2020
2,02-25-2020
2,02-25-2020
2,02-25-2020
2,02-25-2020
0,02-25-2020
0,02-25-2020
0,02-25-2020
0,02-25-2020
1,02-25-2020
0,02-25-2020
0,02-25-2020
0,02-25-2020
0,02-25-2020
0,02-25-2020
0,02-25-2020
0,02-25-2020
0,02-25-2020
0,02-25-2020
0,02-25-2020
0,02-25-2020
1,02-25-2020
1,02-25-2020
1,02-25-2020
1,02-25-2020
1,02-25-2020
1,02-25-2020
1,02-25-2020
1,02-25-2020
1,02-25-2020
0,02-25-2020
0,02-25-2020
0,02-25-2020
2615,02-26-2020
7,02-26-2020
19,02-26-2020
12,02-26-2020
1,02-26-2020
4,02-26-2020
6,02-26-2020
1,02-26-2020
6,02-26-2020
4,02-26-2020
0,02-26-2020
6,02-26-2020
3,02-26-2020
12,02-26-2020
12,02-26-2020
4,02-26-2020
3,02-26-2020
6,02-26-2020
1,02-26-2020
2,02-26-2020
1,02-26-2020
2,02-26-2020
2,02-26-2020
5,02-26-2020
2,02-26-2020
19,02-26-2020
3,02-26-2020
0,02-26-2020
1,02-26-2020
1,02-26-2020
0,02-26-2020
2,02-26-2020
2,02-26-2020
2,02-26-2020
0,02-26-2020
0,02-26-2020
0,02-26-2020
0,02-26-2020
0,02-26-2020
1,02-26-2020
0,02-26-2020
0,02-26-2020
0,02-26-2020
2,02-26-2020
0,02-26-2020
0,02-26-2020
0,02-26-2020
0,02-26-2020
0,02-26-2020
0,02-26-2020
0,02-26-2020
0,02-26-2020
0,02-26-2020
0,02-26-2020
0,02-26-2020
0,02-26-2020
0,02-26-2020
3,02-26-2020
0,02-26-2020
0,02-26-2020
1,02-26-2020
0,02-26-2020
0,02-26-2020
0,02-26-2020
0,02-26-2020
0,02-26-2020
0,02-26-2020
0,02-26-2020
0,02-26-2020
2,02-26-2020
2,02-26-2020
2,02-26-2020
2,02-26-2020
0,02-26-2020
0,02-26-2020
0,02-26-2020
0,02-26-2020
0,02-26-2020
1,02-26-2020
0,02-26-2020
0,02-26-2020
0,02-26-2020
0,02-26-2020
0,02-26-2020
0,02-26-2020
0,02-26-2020
0,02-26-2020
0,02-26-2020
0,02-26-2020
1,02-26-2020
1,02-26-2020
1,02-26-2020
1,02-26-2020
1,02-26-2020
1,02-26-2020
1,02-26-2020
1,02-26-2020
1,02-26-2020
0,02-26-2020
0,02-26-2020
0,02-26-2020
2641,02-27-2020
13,02-27-2020
7,02-27-2020
20,02-27-2020
1,02-27-2020
4,02-27-2020
6,02-27-2020
1,02-27-2020
6,02-27-2020
4,02-27-2020
17,02-27-2020
0,02-27-2020
6,02-27-2020
3,02-27-2020
13,02-27-2020
5,02-27-2020
3,02-27-2020
6,02-27-2020
1,02-27-2020
2,02-27-2020
26,02-27-2020
1,02-27-2020
4,02-27-2020
2,02-27-2020
5,02-27-2020
2,02-27-2020
3,02-27-2020
0,02-27-2020
1,02-27-2020
1,02-27-2020
0,02-27-2020
2,02-27-2020
2,02-27-2020
2,02-27-2020
0,02-27-2020
0,02-27-2020
0,02-27-2020
0,02-27-2020
0,02-27-2020
0,02-27-2020
2,02-27-2020
0,02-27-2020
1,02-27-2020
0,02-27-2020
0,02-27-2020
0,02-27-2020
0,02-27-2020
0,02-27-2020
0,02-27-2020
0,02-27-2020
0,02-27-2020
0,02-27-2020
0,02-27-2020
0,02-27-2020
0,02-27-2020
0,02-27-2020
5,02-27-2020
0,02-27-2020
0,02-27-2020
0,02-27-2020
0,02-27-2020
0,02-27-2020
0,02-27-2020
0,02-27-2020
0,02-27-2020
1,02-27-2020
0,02-27-2020
0,02-27-2020
0,02-27-2020
0,02-27-2020
0,02-27-2020
2,02-27-2020
2,02-27-2020
2,02-27-2020
2,02-27-2020
2,02-27-2020
0,02-27-2020
0,02-27-2020
0,02-27-2020
0,02-27-2020
0,02-27-2020
1,02-27-2020
0,02-27-2020
0,02-27-2020
0,02-27-2020
0,02-27-2020
0,02-27-2020
0,02-27-2020
0,02-27-2020
0,02-27-2020
0,02-27-2020
0,02-27-2020
0,02-27-2020
0,02-27-2020
1,02-27-2020
1,02-27-2020
1,02-27-2020
1,02-27-2020
1,02-27-2020
1,02-27-2020
1,02-27-2020
1,02-27-2020
0,02-27-2020
0,02-27-2020
0,02-27-2020
2682,02-28-2020
13,02-28-2020
7,02-28-2020
20,02-28-2020
1,02-28-2020
4,02-28-2020
6,02-28-2020
1,02-28-2020
21,02-28-2020
6,02-28-2020
6,02-28-2020
0,02-28-2020
6,02-28-2020
3,02-28-2020
13,02-28-2020
7,02-28-2020
34,02-28-2020
3,02-28-2020
6,02-28-2020
1,02-28-2020
2,02-28-2020
1,02-28-2020
4,02-28-2020
2,02-28-2020
5,02-28-2020
2,02-28-2020
3,02-28-2020
0,02-28-2020
1,02-28-2020
2,02-28-2020
1,02-28-2020
0,02-28-2020
2,02-28-2020
3,02-28-2020
0,02-28-2020
0,02-28-2020
2,02-28-2020
0,02-28-2020
0,02-28-2020
0,02-28-2020
0,02-28-2020
0,02-28-2020
1,02-28-2020
0,02-28-2020
0,02-28-2020
0,02-28-2020
0,02-28-2020
0,02-28-2020
0,02-28-2020
0,02-28-2020
0,02-28-2020
0,02-28-2020
0,02-28-2020
0,02-28-2020
0,02-28-2020
0,02-28-2020
0,02-28-2020
5,02-28-2020
0,02-28-2020
0,02-28-2020
0,02-28-2020
0,02-28-2020
0,02-28-2020
0,02-28-2020
0,02-28-2020
0,02-28-2020
1,02-28-2020
0,02-28-2020
0,02-28-2020
0,02-28-2020
0,02-28-2020
0,02-28-2020
0,02-28-2020
2,02-28-2020
2,02-28-2020
2,02-28-2020
2,02-28-2020
2,02-28-2020
0,02-28-2020
0,02-28-2020
0,02-28-2020
0,02-28-2020
0,02-28-2020
0,02-28-2020
0,02-28-2020
1,02-28-2020
1,02-28-2020
0,02-28-2020
0,02-28-2020
0,02-28-2020
0,02-28-2020
0,02-28-2020
0,02-28-2020
0,02-28-2020
0,02-28-2020
0,02-28-2020
0,02-28-2020
0,02-28-2020
0,02-28-2020
0,02-28-2020
0,02-28-2020
0,02-28-2020
0,02-28-2020
1,02-28-2020
1,02-28-2020
1,02-28-2020
1,02-28-2020
1,02-28-2020
1,02-28-2020
1,02-28-2020
1,02-28-2020
0,02-28-2020
0,02-28-2020
0,02-28-2020
2727,02-29-2020
16,02-29-2020
7,02-29-2020
21,02-29-2020
1,02-29-2020
29,02-29-2020
4,02-29-2020
6,02-29-2020
1,02-29-2020
6,02-29-2020
6,02-29-2020
0,02-29-2020
43,02-29-2020
6,02-29-2020
3,02-29-2020
13,02-29-2020
8,02-29-2020
3,02-29-2020
6,02-29-2020
1,02-29-2020
2,02-29-2020
1,02-29-2020
5,02-29-2020
2,02-29-2020
5,02-29-2020
2,02-29-2020
3,02-29-2020
0,02-29-2020
1,02-29-2020
0,02-29-2020
2,02-29-2020
2,02-29-2020
1,02-29-2020
2,02-29-2020
0,02-29-2020
3,02-29-2020
0,02-29-2020
0,02-29-2020
0,02-29-2020
0,02-29-2020
0,02-29-2020
0,02-29-2020
0,02-29-2020
1,02-29-2020
0,02-29-2020
0,02-29-2020
0,02-29-2020
0,02-29-2020
0,02-29-2020
0,02-29-2020
0,02-29-2020
0,02-29-2020
0,02-29-2020
10,02-29-2020
0,02-29-2020
0,02-29-2020
0,02-29-2020
0,02-29-2020
0,02-29-2020
0,02-29-2020
0,02-29-2020
0,02-29-2020
0,02-29-2020
6,02-29-2020
0,02-29-2020
0,02-29-2020
0,02-29-2020
0,02-29-2020
0,02-29-2020
0,02-29-2020
0,02-29-2020
0,02-29-2020
0,02-29-2020
1,02-29-2020
0,02-29-2020
3,02-29-2020
0,02-29-2020
0,02-29-2020
0,02-29-2020
2,02-29-2020
2,02-29-2020
2,02-29-2020
2,02-29-2020
0,02-29-2020
0,02-29-2020
0,02-29-2020
0,02-29-2020
0,02-29-2020
1,02-29-2020
1,02-29-2020
0,02-29-2020
0,02-29-2020
0,02-29-2020
0,02-29-2020
0,02-29-2020
0,02-29-2020
0,02-29-2020
0,02-29-2020
0,02-29-2020
0,02-29-2020
0,02-29-2020
0,02-29-2020
0,02-29-2020
0,02-29-2020
0,02-29-2020
0,02-29-2020
1,02-29-2020
1,02-29-2020
1,02-29-2020
1,02-29-2020
1,02-29-2020
1,02-29-2020
1,02-29-2020
1,02-29-2020
1,02-29-2020
0,02-29-2020
0,02-29-2020
0,02-29-2020
0,02-29-2020
2761,03-01-2020
17,03-01-2020
34,03-01-2020
7,03-01-2020
22,03-01-2020
1,03-01-2020
4,03-01-2020
6,03-01-2020
54,03-01-2020
1,03-01-2020
6,03-01-2020
6,03-01-2020
0,03-01-2020
6,03-01-2020
3,03-01-2020
13,03-01-2020
8,03-01-2020
3,03-01-2020
6,03-01-2020
1,03-01-2020
6,03-01-2020
2,03-01-2020
1,03-01-2020
2,03-01-2020
5,03-01-2020
2,03-01-2020
3,03-01-2020
0,03-01-2020
2,03-01-2020
0,03-01-2020
1,03-01-2020
0,03-01-2020
2,03-01-2020
1,03-01-2020
2,03-01-2020
0,03-01-2020
3,03-01-2020
0,03-01-2020
0,03-01-2020
0,03-01-2020
0,03-01-2020
0,03-01-2020
1,03-01-2020
1,03-01-2020
0,03-01-2020
0,03-01-2020
0,03-01-2020
0,03-01-2020
0,03-01-2020
0,03-01-2020
0,03-01-2020
0,03-01-2020
0,03-01-2020
14,03-01-2020
0,03-01-2020
0,03-01-2020
0,03-01-2020
0,03-01-2020
0,03-01-2020
0,03-01-2020
9,03-01-2020
0,03-01-2020
0,03-01-2020
0,03-01-2020
0,03-01-2020
0,03-01-2020
0,03-01-2020
0,03-01-2020
0,03-01-2020
0,03-01-2020
0,03-01-2020
0,03-01-2020
0,03-01-2020
0,03-01-2020
0,03-01-2020
0,03-01-2020
0,03-01-2020
0,03-01-2020
1,03-01-2020
0,03-01-2020
0,03-01-2020
3,03-01-2020
3,03-01-2020
1,03-01-2020
0,03-01-2020
0,03-01-2020
0,03-01-2020
0,03-01-2020
2,03-01-2020
2,03-01-2020
2,03-01-2020
2,03-01-2020
0,03-01-2020
0,03-01-2020
0,03-01-2020
0,03-01-2020
0,03-01-2020
1,03-01-2020
1,03-01-2020
0,03-01-2020
0,03-01-2020
0,03-01-2020
0,03-01-2020
0,03-01-2020
0,03-01-2020
0,03-01-2020
0,03-01-2020
0,03-01-2020
0,03-01-2020
0,03-01-2020
0,03-01-2020
0,03-01-2020
1,03-01-2020
1,03-01-2020
1,03-01-2020
1,03-01-2020
1,03-01-2020
1,03-01-2020
1,03-01-2020
1,03-01-2020
1,03-01-2020
0,03-01-2020
0,03-01-2020
0,03-01-2020
0,03-01-2020
2803,03-02-2020
28,03-02-2020
52,03-02-2020
66,03-02-2020
7,03-02-2020
22,03-02-2020
1,03-02-2020
4,03-02-2020
6,03-02-2020
1,03-02-2020
6,03-02-2020
6,03-02-2020
0,03-02-2020
6,03-02-2020
3,03-02-2020
13,03-02-2020
8,03-02-2020
3,03-02-2020
6,03-02-2020
1,03-02-2020
6,03-02-2020
2,03-02-2020
1,03-02-2020
3,03-02-2020
2,03-02-2020
5,03-02-2020
0,03-02-2020
2,03-02-2020
3,03-02-2020
0,03-02-2020
1,03-02-2020
0,03-02-2020
0,03-02-2020
2,03-02-2020
1,03-02-2020
2,03-02-2020
3,03-02-2020
0,03-02-2020
0,03-02-2020
0,03-02-2020
0,03-02-2020
0,03-02-2020
1,03-02-2020
0,03-02-2020
1,03-02-2020
0,03-02-2020
0,03-02-2020
0,03-02-2020
0,03-02-2020
0,03-02-2020
0,03-02-2020
0,03-02-2020
0,03-02-2020
17,03-02-2020
0,03-02-2020
0,03-02-2020
14,03-02-2020
0,03-02-2020
0,03-02-2020
0,03-02-2020
0,03-02-2020
0,03-02-2020
9,03-02-2020
0,03-02-2020
0,03-02-2020
0,03-02-2020
0,03-02-2020
0,03-02-2020
0,03-02-2020
0,03-02-2020
0,03-02-2020
0,03-02-2020
0,03-02-2020
0,03-02-2020
0,03-02-2020
0,03-02-2020
0,03-02-2020
4,03-02-2020
4,03-02-2020
0,03-02-2020
0,03-02-2020
0,03-02-2020
0,03-02-2020
0,03-02-2020
1,03-02-2020
0,03-02-2020
0,03-02-2020
0,03-02-2020
1,03-02-2020
0,03-02-2020
0,03-02-2020
0,03-02-2020
0,03-02-2020
2,03-02-2020
2,03-02-2020
2,03-02-2020
2,03-02-2020
2,03-02-2020
0,03-02-2020
0,03-02-2020
0,03-02-2020
0,03-02-2020
0,03-02-2020
0,03-02-2020
1,03-02-2020
1,03-02-2020
0,03-02-2020
0,03-02-2020
0,03-02-2020
0,03-02-2020
0,03-02-2020
0,03-02-2020
0,03-02-2020
0,03-02-2020
0,03-02-2020
0,03-02-2020
0,03-02-2020
0,03-02-2020
0,03-02-2020
0,03-02-2020
0,03-02-2020
0,03-02-2020
1,03-02-2020
1,03-02-2020
1,03-02-2020
1,03-02-2020
1,03-02-2020
1,03-02-2020
1,03-02-2020
1,03-02-2020
1,03-02-2020
1,03-02-2020
1,03-02-2020
1,03-02-2020
1,03-02-2020
1,03-02-2020
1,03-02-2020
0,03-02-2020
0,03-02-2020
0,03-02-2020
0,03-02-2020
2835,03-03-2020
28,03-03-2020
79,03-03-2020
77,03-03-2020
7,03-03-2020
22,03-03-2020
1,03-03-2020
4,03-03-2020
6,03-03-2020
1,03-03-2020
6,03-03-2020
6,03-03-2020
0,03-03-2020
6,03-03-2020
3,03-03-2020
13,03-03-2020
8,03-03-2020
3,03-03-2020
6,03-03-2020
1,03-03-2020
6,03-03-2020
2,03-03-2020
1,03-03-2020
4,03-03-2020
0,03-03-2020
2,03-03-2020
5,03-03-2020
1,03-03-2020
2,03-03-2020
3,03-03-2020
0,03-03-2020
1,03-03-2020
0,03-03-2020
2,03-03-2020
1,03-03-2020
2,03-03-2020
3,03-03-2020
1,03-03-2020
0,03-03-2020
0,03-03-2020
0,03-03-2020
0,03-03-2020
0,03-03-2020
0,03-03-2020
1,03-03-2020
1,03-03-2020
0,03-03-2020
0,03-03-2020
0,03-03-2020
0,03-03-2020
0,03-03-2020
0,03-03-2020
0,03-03-2020
21,03-03-2020
19,03-03-2020
0,03-03-2020
0,03-03-2020
0,03-03-2020
0,03-03-2020
0,03-03-2020
0,03-03-2020
0,03-03-2020
0,03-03-2020
0,03-03-2020
11,03-03-2020
0,03-03-2020
1,03-03-2020
0,03-03-2020
0,03-03-2020
0,03-03-2020
0,03-03-2020
0,03-03-2020
0,03-03-2020
0,03-03-2020
0,03-03-2020
6,03-03-2020
0,03-03-2020
0,03-03-2020
0,03-03-2020
0,03-03-2020
0,03-03-2020
4,03-03-2020
0,03-03-2020
0,03-03-2020
0,03-03-2020
1,03-03-2020
0,03-03-2020
0,03-03-2020
1,03-03-2020
0,03-03-2020
0,03-03-2020
0,03-03-2020
0,03-03-2020
0,03-03-2020
0,03-03-2020
0,03-03-2020
2,03-03-2020
2,03-03-2020
2,03-03-2020
2,03-03-2020
2,03-03-2020
2,03-03-2020
2,03-03-2020
2,03-03-2020
2,03-03-2020
0,03-03-2020
0,03-03-2020
0,03-03-2020
0,03-03-2020
0,03-03-2020
0,03-03-2020
0,03-03-2020
1,03-03-2020
1,03-03-2020
0,03-03-2020
0,03-03-2020
0,03-03-2020
0,03-03-2020
0,03-03-2020
0,03-03-2020
0,03-03-2020
0,03-03-2020
0,03-03-2020
0,03-03-2020
0,03-03-2020
0,03-03-2020
0,03-03-2020
0,03-03-2020
0,03-03-2020
1,03-03-2020
1,03-03-2020
1,03-03-2020
1,03-03-2020
1,03-03-2020
1,03-03-2020
1,03-03-2020
1,03-03-2020
1,03-03-2020
1,03-03-2020
1,03-03-2020
1,03-03-2020
1,03-03-2020
1,03-03-2020
1,03-03-2020
1,03-03-2020
1,03-03-2020
0,03-03-2020
0,03-03-2020
0,03-03-2020
0,03-03-2020
0,03-03-2020
2871,03-04-2020
35,03-04-2020
107,03-04-2020
92,03-04-2020
7,03-04-2020
22,03-04-2020
1,03-04-2020
4,03-04-2020
6,03-04-2020
1,03-04-2020
6,03-04-2020
6,03-04-2020
0,03-04-2020
6,03-04-2020
3,03-04-2020
13,03-04-2020
8,03-04-2020
3,03-04-2020
6,03-04-2020
6,03-04-2020
1,03-04-2020
4,03-04-2020
0,03-04-2020
2,03-04-2020
1,03-04-2020
2,03-04-2020
2,03-04-2020
5,03-04-2020
2,03-04-2020
3,03-04-2020
0,03-04-2020
1,03-04-2020
0,03-04-2020
2,03-04-2020
1,03-04-2020
2,03-04-2020
0,03-04-2020
0,03-04-2020
3,03-04-2020
1,03-04-2020
0,03-04-2020
0,03-04-2020
0,03-04-2020
0,03-04-2020
0,03-04-2020
0,03-04-2020
1,03-04-2020
1,03-04-2020
0,03-04-2020
2,03-04-2020
0,03-04-2020
31,03-04-2020
0,03-04-2020
0,03-04-2020
0,03-04-2020
0,03-04-2020
0,03-04-2020
1,03-04-2020
19,03-04-2020
0,03-04-2020
1,03-04-2020
0,03-04-2020
0,03-04-2020
0,03-04-2020
0,03-04-2020
0,03-04-2020
0,03-04-2020
0,03-04-2020
11,03-04-2020
0,03-04-2020
0,03-04-2020
0,03-04-2020
0,03-04-2020
0,03-04-2020
10,03-04-2020
0,03-04-2020
0,03-04-2020
0,03-04-2020
8,03-04-2020
7,03-04-2020
0,03-04-2020
0,03-04-2020
0,03-04-2020
0,03-04-2020
0,03-04-2020
0,03-04-2020
0,03-04-2020
0,03-04-2020
0,03-04-2020
0,03-04-2020
4,03-04-2020
0,03-04-2020
0,03-04-2020
0,03-04-2020
1,03-04-2020
0,03-04-2020
0,03-04-2020
3,03-04-2020
1,03-04-2020
0,03-04-2020
0,03-04-2020
0,03-04-2020
0,03-04-2020
2,03-04-2020
2,03-04-2020
2,03-04-2020
2,03-04-2020
2,03-04-2020
2,03-04-2020
2,03-04-2020
2,03-04-2020
2,03-04-2020
2,03-04-2020
0,03-04-2020
0,03-04-2020
0,03-04-2020
0,03-04-2020
0,03-04-2020
0,03-04-2020
0,03-04-2020
1,03-04-2020
1,03-04-2020
0,03-04-2020
0,03-04-2020
0,03-04-2020
0,03-04-2020
0,03-04-2020
0,03-04-2020
0,03-04-2020
0,03-04-2020
0,03-04-2020
0,03-04-2020
0,03-04-2020
0,03-04-2020
0,03-04-2020
0,03-04-2020
0,03-04-2020
0,03-04-2020
0,03-04-2020
0,03-04-2020
0,03-04-2020
1,03-04-2020
1,03-04-2020
1,03-04-2020
1,03-04-2020
1,03-04-2020
1,03-04-2020
1,03-04-2020
1,03-04-2020
1,03-04-2020
1,03-04-2020
1,03-04-2020
1,03-04-2020
1,03-04-2020
1,03-04-2020
0,03-04-2020
0,03-04-2020
0,03-04-2020
0,03-04-2020
0,03-04-2020
2902,03-05-2020
35,03-05-2020
148,03-05-2020
107,03-05-2020
7,03-05-2020
22,03-05-2020
1,03-05-2020
4,03-05-2020
6,03-05-2020
1,03-05-2020
6,03-05-2020
6,03-05-2020
0,03-05-2020
6,03-05-2020
3,03-05-2020
0,03-05-2020
13,03-05-2020
8,03-05-2020
6,03-05-2020
6,03-05-2020
3,03-05-2020
6,03-05-2020
1,03-05-2020
3,03-05-2020
2,03-05-2020
1,03-05-2020
2,03-05-2020
6,03-05-2020
2,03-05-2020
3,03-05-2020
0,03-05-2020
1,03-05-2020
0,03-05-2020
1,03-05-2020
1,03-05-2020
2,03-05-2020
2,03-05-2020
0,03-05-2020
1,03-05-2020
0,03-05-2020
0,03-05-2020
3,03-05-2020
1,03-05-2020
0,03-05-2020
0,03-05-2020
0,03-05-2020
51,03-05-2020
0,03-05-2020
0,03-05-2020
1,03-05-2020
0,03-05-2020
1,03-05-2020
0,03-05-2020
2,03-05-2020
0,03-05-2020
0,03-05-2020
0,03-05-2020
0,03-05-2020
1,03-05-2020
21,03-05-2020
1,03-05-2020
20,03-05-2020
0,03-05-2020
18,03-05-2020
18,03-05-2020
0,03-05-2020
0,03-05-2020
0,03-05-2020
0,03-05-2020
0,03-05-2020
0,03-05-2020
0,03-05-2020
0,03-05-2020
0,03-05-2020
0,03-05-2020
11,03-05-2020
0,03-05-2020
0,03-05-2020
0,03-05-2020
0,03-05-2020
0,03-05-2020
0,03-05-2020
0,03-05-2020
0,03-05-2020
0,03-05-2020
0,03-05-2020
0,03-05-2020
0,03-05-2020
0,03-05-2020
0,03-05-2020
5,03-05-2020
0,03-05-2020
0,03-05-2020
0,03-05-2020
0,03-05-2020
0,03-05-2020
0,03-05-2020
4,03-05-2020
1,03-05-2020
0,03-05-2020
0,03-05-2020
0,03-05-2020
1,03-05-2020
0,03-05-2020
3,03-05-2020
3,03-05-2020
0,03-05-2020
2,03-05-2020
0,03-05-2020
0,03-05-2020
0,03-05-2020
0,03-05-2020
2,03-05-2020
2,03-05-2020
2,03-05-2020
2,03-05-2020
2,03-05-2020
2,03-05-2020
2,03-05-2020
2,03-05-2020
2,03-05-2020
2,03-05-2020
2,03-05-2020
2,03-05-2020
0,03-05-2020
0,03-05-2020
0,03-05-2020
0,03-05-2020
0,03-05-2020
0,03-05-2020
0,03-05-2020
1,03-05-2020
0,03-05-2020
0,03-05-2020
0,03-05-2020
0,03-05-2020
0,03-05-2020
0,03-05-2020
0,03-05-2020
0,03-05-2020
0,03-05-2020
0,03-05-2020
0,03-05-2020
0,03-05-2020
0,03-05-2020
0,03-05-2020
0,03-05-2020
0,03-05-2020
0,03-05-2020
1,03-05-2020
1,03-05-2020
1,03-05-2020
1,03-05-2020
1,03-05-2020
1,03-05-2020
1,03-05-2020
1,03-05-2020
1,03-05-2020
1,03-05-2020
1,03-05-2020
1,03-05-2020
1,03-05-2020
1,03-05-2020
1,03-05-2020
1,03-05-2020
1,03-05-2020
1,03-05-2020
1,03-05-2020
0,03-05-2020
0,03-05-2020
0,03-05-2020
0,03-05-2020
0,03-05-2020
2931,03-06-2020
42,03-06-2020
124,03-06-2020
197,03-06-2020
7,03-06-2020
22,03-06-2020
1,03-06-2020
4,03-06-2020
6,03-06-2020
1,03-06-2020
6,03-06-2020
6,03-06-2020
0,03-06-2020
9,03-06-2020
0,03-06-2020
6,03-06-2020
3,03-06-2020
13,03-06-2020
8,03-06-2020
6,03-06-2020
5,03-06-2020
3,03-06-2020
6,03-06-2020
1,03-06-2020
2,03-06-2020
1,03-06-2020
1,03-06-2020
2,03-06-2020
6,03-06-2020
2,03-06-2020
2,03-06-2020
3,03-06-2020
0,03-06-2020
0,03-06-2020
1,03-06-2020
1,03-06-2020
2,03-06-2020
0,03-06-2020
0,03-06-2020
2,03-06-2020
0,03-06-2020
1,03-06-2020
0,03-06-2020
3,03-06-2020
1,03-06-2020
0,03-06-2020
0,03-06-2020
0,03-06-2020
58,03-06-2020
0,03-06-2020
1,03-06-2020
0,03-06-2020
1,03-06-2020
0,03-06-2020
0,03-06-2020
3,03-06-2020
0,03-06-2020
0,03-06-2020
1,03-06-2020
24,03-06-2020
0,03-06-2020
0,03-06-2020
0,03-06-2020
0,03-06-2020
1,03-06-2020
20,03-06-2020
19,03-06-2020
19,03-06-2020
0,03-06-2020
0,03-06-2020
0,03-06-2020
0,03-06-2020
0,03-06-2020
0,03-06-2020
16,03-06-2020
0,03-06-2020
0,03-06-2020
0,03-06-2020
0,03-06-2020
0,03-06-2020
0,03-06-2020
0,03-06-2020
0,03-06-2020
13,03-06-2020
0,03-06-2020
0,03-06-2020
0,03-06-2020
0,03-06-2020
0,03-06-2020
0,03-06-2020
0,03-06-2020
0,03-06-2020
0,03-06-2020
0,03-06-2020
0,03-06-2020
0,03-06-2020
1,03-06-2020
0,03-06-2020
0,03-06-2020
5,03-06-2020
5,03-06-2020
5,03-06-2020
0,03-06-2020
0,03-06-2020
0,03-06-2020
0,03-06-2020
0,03-06-2020
1,03-06-2020
0,03-06-2020
0,03-06-2020
3,03-06-2020
3,03-06-2020
3,03-06-2020
3,03-06-2020
3,03-06-2020
3,03-06-2020
0,03-06-2020
0,03-06-2020
2,03-06-2020
0,03-06-2020
0,03-06-2020
0,03-06-2020
0,03-06-2020
2,03-06-2020
2,03-06-2020
2,03-06-2020
2,03-06-2020
2,03-06-2020
2,03-06-2020
2,03-06-2020
2,03-06-2020
2,03-06-2020
2,03-06-2020
2,03-06-2020
2,03-06-2020
2,03-06-2020
2,03-06-2020
0,03-06-2020
0,03-06-2020
0,03-06-2020
0,03-06-2020
0,03-06-2020
0,03-06-2020
0,03-06-2020
1,03-06-2020
1,03-06-2020
0,03-06-2020
0,03-06-2020
0,03-06-2020
0,03-06-2020
0,03-06-2020
0,03-06-2020
0,03-06-2020
0,03-06-2020
0,03-06-2020
0,03-06-2020
0,03-06-2020
0,03-06-2020
0,03-06-2020
0,03-06-2020
0,03-06-2020
0,03-06-2020
0,03-06-2020
0,03-06-2020
0,03-06-2020
1,03-06-2020
1,03-06-2020
1,03-06-2020
1,03-06-2020
1,03-06-2020
1,03-06-2020
1,03-06-2020
1,03-06-2020
1,03-06-2020
1,03-06-2020
1,03-06-2020
1,03-06-2020
1,03-06-2020
1,03-06-2020
1,03-06-2020
1,03-06-2020
1,03-06-2020
1,03-06-2020
1,03-06-2020
1,03-06-2020
1,03-06-2020
1,03-06-2020
1,03-06-2020
1,03-06-2020
1,03-06-2020
1,03-06-2020
1,03-06-2020
0,03-06-2020
0,03-06-2020
0,03-06-2020
0,03-06-2020
0,03-06-2020
0,03-06-2020
0,03-06-2020
2959,03-07-2020
44,03-07-2020
233,03-07-2020
145,03-07-2020
7,03-07-2020
22,03-07-2020
1,03-07-2020
4,03-07-2020
6,03-07-2020
11,03-07-2020
1,03-07-2020
0,03-07-2020
6,03-07-2020
6,03-07-2020
0,03-07-2020
6,03-07-2020
3,03-07-2020
10,03-07-2020
13,03-07-2020
6,03-07-2020
8,03-07-2020
3,03-07-2020
6,03-07-2020
1,03-07-2020
1,03-07-2020
2,03-07-2020
1,03-07-2020
2,03-07-2020
1,03-07-2020
2,03-07-2020
0,03-07-2020
6,03-07-2020
0,03-07-2020
0,03-07-2020
2,03-07-2020
0,03-07-2020
3,03-07-2020
0,03-07-2020
1,03-07-2020
2,03-07-2020
2,03-07-2020
1,03-07-2020
0,03-07-2020
0,03-07-2020
0,03-07-2020
3,03-07-2020
1,03-07-2020
0,03-07-2020
71,03-07-2020
0,03-07-2020
57,03-07-2020
4,03-07-2020
0,03-07-2020
1,03-07-2020
0,03-07-2020
1,03-07-2020
0,03-07-2020
0,03-07-2020
0,03-07-2020
32,03-07-2020
1,03-07-2020
27,03-07-2020
27,03-07-2020
0,03-07-2020
1,03-07-2020
0,03-07-2020
0,03-07-2020
0,03-07-2020
0,03-07-2020
0,03-07-2020
0,03-07-2020
0,03-07-2020
0,03-07-2020
0,03-07-2020
0,03-07-2020
0,03-07-2020
0,03-07-2020
0,03-07-2020
0,03-07-2020
14,03-07-2020
0,03-07-2020
0,03-07-2020
0,03-07-2020
0,03-07-2020
0,03-07-2020
0,03-07-2020
11,03-07-2020
0,03-07-2020
0,03-07-2020
0,03-07-2020
0,03-07-2020
9,03-07-2020
0,03-07-2020
0,03-07-2020
0,03-07-2020
0,03-07-2020
0,03-07-2020
0,03-07-2020
0,03-07-2020
1,03-07-2020
6,03-07-2020
0,03-07-2020
0,03-07-2020
0,03-07-2020
0,03-07-2020
5,03-07-2020
5,03-07-2020
5,03-07-2020
0,03-07-2020
0,03-07-2020
0,03-07-2020
0,03-07-2020
0,03-07-2020
4,03-07-2020
4,03-07-2020
1,03-07-2020
0,03-07-2020
3,03-07-2020
0,03-07-2020
0,03-07-2020
0,03-07-2020
3,03-07-2020
3,03-07-2020
3,03-07-2020
3,03-07-2020
3,03-07-2020
3,03-07-2020
3,03-07-2020
3,03-07-2020
3,03-07-2020
3,03-07-2020
3,03-07-2020
0,03-07-2020
0,03-07-2020
0,03-07-2020
0,03-07-2020
2,03-07-2020
2,03-07-2020
2,03-07-2020
2,03-07-2020
2,03-07-2020
2,03-07-2020
2,03-07-2020
2,03-07-2020
2,03-07-2020
2,03-07-2020
2,03-07-2020
2,03-07-2020
2,03-07-2020
2,03-07-2020
2,03-07-2020
2,03-07-2020
0,03-07-2020
0,03-07-2020
0,03-07-2020
0,03-07-2020
0,03-07-2020
0,03-07-2020
0,03-07-2020
1,03-07-2020
1,03-07-2020
1,03-07-2020
0,03-07-2020
0,03-07-2020
0,03-07-2020
0,03-07-2020
0,03-07-2020
0,03-07-2020
0,03-07-2020
0,03-07-2020
0,03-07-2020
0,03-07-2020
0,03-07-2020
0,03-07-2020
0,03-07-2020
0,03-07-2020
0,03-07-2020
0,03-07-2020
0,03-07-2020
0,03-07-2020
0,03-07-2020
1,03-07-2020
1,03-07-2020
1,03-07-2020
1,03-07-2020
1,03-07-2020
1,03-07-2020
1,03-07-2020
1,03-07-2020
1,03-07-2020
1,03-07-2020
1,03-07-2020
1,03-07-2020
1,03-07-2020
1,03-07-2020
1,03-07-2020
1,03-07-2020
1,03-07-2020
1,03-07-2020
1,03-07-2020
1,03-07-2020
1,03-07-2020
1,03-07-2020
1,03-07-2020
1,03-07-2020
1,03-07-2020
1,03-07-2020
1,03-07-2020
1,03-07-2020
1,03-07-2020
1,03-07-2020
1,03-07-2020
1,03-07-2020
1,03-07-2020
1,03-07-2020
1,03-07-2020
1,03-07-2020
0,03-07-2020
0,03-07-2020
0,03-07-2020
0,03-07-2020
0,03-07-2020
0,03-07-2020
0,03-07-2020
0,03-07-2020
2986,03-08-2020
366,03-08-2020
50,03-08-2020
194,03-08-2020
7,03-08-2020
22,03-08-2020
1,03-08-2020
19,03-08-2020
0,03-08-2020
4,03-08-2020
6,03-08-2020
1,03-08-2020
6,03-08-2020
6,03-08-2020
17,03-08-2020
0,03-08-2020
6,03-08-2020
3,03-08-2020
6,03-08-2020
13,03-08-2020
8,03-08-2020
3,03-08-2020
2,03-08-2020
6,03-08-2020
1,03-08-2020
3,03-08-2020
3,03-08-2020
2,03-08-2020
1,03-08-2020
0,03-08-2020
0,03-08-2020
0,03-08-2020
2,03-08-2020
6,03-08-2020
0,03-08-2020
2,03-08-2020
3,03-08-2020
0,03-08-2020
1,03-08-2020
2,03-08-2020
3,03-08-2020
0,03-08-2020
0,03-08-2020
1,03-08-2020
0,03-08-2020
83,03-08-2020
83,03-08-2020
3,03-08-2020
1,03-08-2020
0,03-08-2020
0,03-08-2020
0,03-08-2020
6,03-08-2020
0,03-08-2020
1,03-08-2020
1,03-08-2020
1,03-08-2020
0,03-08-2020
0,03-08-2020
0,03-08-2020
0,03-08-2020
3,03-08-2020
38,03-08-2020
1,03-08-2020
0,03-08-2020
0,03-08-2020
0,03-08-2020
31,03-08-2020
0,03-08-2020
0,03-08-2020
28,03-08-2020
0,03-08-2020
0,03-08-2020
0,03-08-2020
0,03-08-2020
0,03-08-2020
0,03-08-2020
0,03-08-2020
0,03-08-2020
0,03-08-2020
0,03-08-2020
0,03-08-2020
0,03-08-2020
0,03-08-2020
0,03-08-2020
0,03-08-2020
0,03-08-2020
14,03-08-2020
0,03-08-2020
1,03-08-2020
0,03-08-2020
12,03-08-2020
12,03-08-2020
0,03-08-2020
0,03-08-2020
0,03-08-2020
0,03-08-2020
0,03-08-2020
1,03-08-2020
0,03-08-2020
9,03-08-2020
0,03-08-2020
8,03-08-2020
8,03-08-2020
0,03-08-2020
0,03-08-2020
0,03-08-2020
7,03-08-2020
7,03-08-2020
0,03-08-2020
0,03-08-2020
0,03-08-2020
0,03-08-2020
6,03-08-2020
6,03-08-2020
0,03-08-2020
0,03-08-2020
0,03-08-2020
0,03-08-2020
5,03-08-2020
5,03-08-2020
5,03-08-2020
5,03-08-2020
0,03-08-2020
0,03-08-2020
4,03-08-2020
0,03-08-2020
0,03-08-2020
4,03-08-2020
4,03-08-2020
4,03-08-2020
4,03-08-2020
4,03-08-2020
1,03-08-2020
0,03-08-2020
0,03-08-2020
3,03-08-2020
0,03-08-2020
0,03-08-2020
0,03-08-2020
0,03-08-2020
0,03-08-2020
0,03-08-2020
3,03-08-2020
3,03-08-2020
3,03-08-2020
3,03-08-2020
3,03-08-2020
3,03-08-2020
0,03-08-2020
0,03-08-2020
0,03-08-2020
0,03-08-2020
0,03-08-2020
0,03-08-2020
0,03-08-2020
0,03-08-2020
2,03-08-2020
2,03-08-2020
2,03-08-2020
2,03-08-2020
2,03-08-2020
2,03-08-2020
2,03-08-2020
2,03-08-2020
2,03-08-2020
2,03-08-2020
2,03-08-2020
2,03-08-2020
2,03-08-2020
2,03-08-2020
2,03-08-2020
2,03-08-2020
2,03-08-2020
2,03-08-2020
0,03-08-2020
0,03-08-2020
0,03-08-2020
1,03-08-2020
1,03-08-2020
0,03-08-2020
0,03-08-2020
0,03-08-2020
0,03-08-2020
0,03-08-2020
0,03-08-2020
0,03-08-2020
0,03-08-2020
0,03-08-2020
0,03-08-2020
0,03-08-2020
0,03-08-2020
0,03-08-2020
0,03-08-2020
1,03-08-2020
1,03-08-2020
1,03-08-2020
1,03-08-2020
1,03-08-2020
1,03-08-2020
1,03-08-2020
1,03-08-2020
1,03-08-2020
1,03-08-2020
1,03-08-2020
1,03-08-2020
1,03-08-2020
1,03-08-2020
1,03-08-2020
1,03-08-2020
1,03-08-2020
1,03-08-2020
1,03-08-2020
1,03-08-2020
1,03-08-2020
1,03-08-2020
1,03-08-2020
1,03-08-2020
1,03-08-2020
1,03-08-2020
1,03-08-2020
1,03-08-2020
1,03-08-2020
1,03-08-2020
1,03-08-2020
1,03-08-2020
1,03-08-2020
1,03-08-2020
1,03-08-2020
1,03-08-2020
1,03-08-2020
1,03-08-2020
1,03-08-2020
1,03-08-2020
1,03-08-2020
1,03-08-2020
1,03-08-2020
1,03-08-2020
1,03-08-2020
1,03-08-2020
1,03-08-2020
1,03-08-2020
1,03-08-2020
1,03-08-2020
1,03-08-2020
1,03-08-2020
1,03-08-2020
0,03-08-2020
0,03-08-2020
0,03-08-2020
0,03-08-2020
0,03-08-2020
0,03-08-2020
0,03-08-2020
0,03-08-2020
3008,03-09-2020
463,03-09-2020
53,03-09-2020
237,03-09-2020
8,03-09-2020
22,03-09-2020
1,03-09-2020
19,03-09-2020
2,03-09-2020
28,03-09-2020
4,03-09-2020
6,03-09-2020
1,03-09-2020
6,03-09-2020
6,03-09-2020
0,03-09-2020
6,03-09-2020
3,03-09-2020
17,03-09-2020
13,03-09-2020
8,03-09-2020
2,03-09-2020
3,03-09-2020
3,03-09-2020
4,03-09-2020
6,03-09-2020
1,03-09-2020
2,03-09-2020
0,03-09-2020
1,03-09-2020
0,03-09-2020
0,03-09-2020
2,03-09-2020
6,03-09-2020
0,03-09-2020
2,03-09-2020
3,03-09-2020
0,03-09-2020
0,03-09-2020
1,03-09-2020
2,03-09-2020
0,03-09-2020
3,03-09-2020
98,03-09-2020
0,03-09-2020
1,03-09-2020
0,03-09-2020
83,03-09-2020
3,03-09-2020
1,03-09-2020
0,03-09-2020
0,03-09-2020
0,03-09-2020
6,03-09-2020
0,03-09-2020
1,03-09-2020
1,03-09-2020
3,03-09-2020
1,03-09-2020
0,03-09-2020
0,03-09-2020
0,03-09-2020
0,03-09-2020
38,03-09-2020
1,03-09-2020
0,03-09-2020
1,03-09-2020
0,03-09-2020
0,03-09-2020
31,03-09-2020
0,03-09-2020
0,03-09-2020
0,03-09-2020
0,03-09-2020
0,03-09-2020
0,03-09-2020
0,03-09-2020
0,03-09-2020
1,03-09-2020
0,03-09-2020
19,03-09-2020
0,03-09-2020
0,03-09-2020
0,03-09-2020
17,03-09-2020
0,03-09-2020
0,03-09-2020
0,03-09-2020
0,03-09-2020
0,03-09-2020
0,03-09-2020
0,03-09-2020
0,03-09-2020
0,03-09-2020
14,03-09-2020
1,03-09-2020
0,03-09-2020
12,03-09-2020
0,03-09-2020
0,03-09-2020
0,03-09-2020
0,03-09-2020
0,03-09-2020
9,03-09-2020
0,03-09-2020
8,03-09-2020
8,03-09-2020
0,03-09-2020
0,03-09-2020
0,03-09-2020
0,03-09-2020
7,03-09-2020
7,03-09-2020
7,03-09-2020
0,03-09-2020
0,03-09-2020
0,03-09-2020
6,03-09-2020
6,03-09-2020
6,03-09-2020
0,03-09-2020
0,03-09-2020
0,03-09-2020
5,03-09-2020
5,03-09-2020
5,03-09-2020
0,03-09-2020
1,03-09-2020
0,03-09-2020
0,03-09-2020
0,03-09-2020
4,03-09-2020
4,03-09-2020
4,03-09-2020
4,03-09-2020
4,03-09-2020
4,03-09-2020
4,03-09-2020
0,03-09-2020
0,03-09-2020
0,03-09-2020
0,03-09-2020
0,03-09-2020
0,03-09-2020
0,03-09-2020
0,03-09-2020
3,03-09-2020
3,03-09-2020
3,03-09-2020
3,03-09-2020
3,03-09-2020
3,03-09-2020
3,03-09-2020
3,03-09-2020
3,03-09-2020
0,03-09-2020
0,03-09-2020
0,03-09-2020
0,03-09-2020
0,03-09-2020
0,03-09-2020
0,03-09-2020
0,03-09-2020
0,03-09-2020
0,03-09-2020
0,03-09-2020
2,03-09-2020
2,03-09-2020
2,03-09-2020
2,03-09-2020
2,03-09-2020
2,03-09-2020
2,03-09-2020
2,03-09-2020
2,03-09-2020
2,03-09-2020
2,03-09-2020
2,03-09-2020
2,03-09-2020
2,03-09-2020
2,03-09-2020
2,03-09-2020
2,03-09-2020
2,03-09-2020
2,03-09-2020
0,03-09-2020
0,03-09-2020
0,03-09-2020
0,03-09-2020
0,03-09-2020
0,03-09-2020
0,03-09-2020
0,03-09-2020
0,03-09-2020
0,03-09-2020
0,03-09-2020
0,03-09-2020
0,03-09-2020
0,03-09-2020
0,03-09-2020
0,03-09-2020
0,03-09-2020
0,03-09-2020
1,03-09-2020
1,03-09-2020
1,03-09-2020
1,03-09-2020
1,03-09-2020
1,03-09-2020
1,03-09-2020
1,03-09-2020
1,03-09-2020
1,03-09-2020
1,03-09-2020
1,03-09-2020
1,03-09-2020
1,03-09-2020
1,03-09-2020
1,03-09-2020
1,03-09-2020
1,03-09-2020
1,03-09-2020
1,03-09-2020
1,03-09-2020
1,03-09-2020
1,03-09-2020
1,03-09-2020
1,03-09-2020
1,03-09-2020
1,03-09-2020
1,03-09-2020
1,03-09-2020
1,03-09-2020
1,03-09-2020
1,03-09-2020
1,03-09-2020
1,03-09-2020
1,03-09-2020
1,03-09-2020
1,03-09-2020
1,03-09-2020
1,03-09-2020
1,03-09-2020
1,03-09-2020
1,03-09-2020
1,03-09-2020
1,03-09-2020
1,03-09-2020
1,03-09-2020
1,03-09-2020
1,03-09-2020
1,03-09-2020
1,03-09-2020
1,03-09-2020
1,03-09-2020
1,03-09-2020
1,03-09-2020
1,03-09-2020
0,03-09-2020
0,03-09-2020
0,03-09-2020
0,03-09-2020
0,03-09-2020
0,03-09-2020
0,03-09-2020
0,03-09-2020
3024,03-10-2020
631,03-10-2020
291,03-10-2020
54,03-10-2020
33,03-10-2020
35,03-10-2020
2,03-10-2020
8,03-10-2020
22,03-10-2020
1,03-10-2020
4,03-10-2020
6,03-10-2020
1,03-10-2020
6,03-10-2020
6,03-10-2020
0,03-10-2020
10,03-10-2020
6,03-10-2020
3,03-10-2020
3,03-10-2020
13,03-10-2020
8,03-10-2020
0,03-10-2020
4,03-10-2020
6,03-10-2020
0,03-10-2020
3,03-10-2020
6,03-10-2020
1,03-10-2020
0,03-10-2020
23,03-10-2020
0,03-10-2020
2,03-10-2020
1,03-10-2020
0,03-10-2020
2,03-10-2020
0,03-10-2020
6,03-10-2020
0,03-10-2020
2,03-10-2020
2,03-10-2020
3,03-10-2020
0,03-10-2020
0,03-10-2020
2,03-10-2020
1,03-10-2020
3,03-10-2020
0,03-10-2020
1,03-10-2020
0,03-10-2020
0,03-10-2020
3,03-10-2020
1,03-10-2020
0,03-10-2020
0,03-10-2020
7,03-10-2020
0,03-10-2020
0,03-10-2020
1,03-10-2020
0,03-10-2020
0,03-10-2020
2,03-10-2020
1,03-10-2020
2,03-10-2020
1,03-10-2020
0,03-10-2020
0,03-10-2020
1,03-10-2020
0,03-10-2020
0,03-10-2020
0,03-10-2020
0,03-10-2020
1,03-10-2020
1,03-10-2020
0,03-10-2020
0,03-10-2020
0,03-10-2020
0,03-10-2020
0,03-10-2020
0,03-10-2020
0,03-10-2020
0,03-10-2020
0,03-10-2020
0,03-10-2020
0,03-10-2020
0,03-10-2020
0,03-10-2020
0,03-10-2020
0,03-10-2020
1,03-10-2020
0,03-10-2020
0,03-10-2020
0,03-10-2020
0,03-10-2020
0,03-10-2020
2,03-10-2020
1,03-10-2020
0,03-10-2020
0,03-10-2020
0,03-10-2020
0,03-10-2020
0,03-10-2020
0,03-10-2020
0,03-10-2020
0,03-10-2020
0,03-10-2020
0,03-10-2020
0,03-10-2020
0,03-10-2020
0,03-10-2020
0,03-10-2020
0,03-10-2020
0,03-10-2020
0,03-10-2020
0,03-10-2020
0,03-10-2020
0,03-10-2020
0,03-10-2020
0,03-10-2020
0,03-10-2020
0,03-10-2020
0,03-10-2020
0,03-10-2020
0,03-10-2020
0,03-10-2020
1,03-10-2020
0,03-10-2020
0,03-10-2020
0,03-10-2020
0,03-10-2020
0,03-10-2020
0,03-10-2020
0,03-10-2020
0,03-10-2020
0,03-10-2020
0,03-10-2020
0,03-10-2020
0,03-10-2020
0,03-10-2020
0,03-10-2020
0,03-10-2020
0,03-10-2020
0,03-10-2020
0,03-10-2020
0,03-10-2020
0,03-10-2020
0,03-10-2020
0,03-10-2020
1,03-10-2020
0,03-10-2020
0,03-10-2020
0,03-10-2020
0,03-10-2020
0,03-10-2020
0,03-10-2020
0,03-10-2020
0,03-10-2020
0,03-10-2020
0,03-10-2020
0,03-10-2020
0,03-10-2020
2,03-10-2020
0,03-10-2020
0,03-10-2020
0,03-10-2020
0,03-10-2020
0,03-10-2020
0,03-10-2020
0,03-10-2020
0,03-10-2020
0,03-10-2020
0,03-10-2020
0,03-10-2020
0,03-10-2020
0,03-10-2020
0,03-10-2020
0,03-10-2020
0,03-10-2020
0,03-10-2020
0,03-10-2020
0,03-10-2020
0,03-10-2020
0,03-10-2020
0,03-10-2020
0,03-10-2020
0,03-10-2020
0,03-10-2020
0,03-10-2020
0,03-10-2020
0,03-10-2020
0,03-10-2020
0,03-10-2020
0,03-10-2020
0,03-10-2020
0,03-10-2020
0,03-10-2020
0,03-10-2020
0,03-10-2020
0,03-10-2020
0,03-10-2020
0,03-10-2020
0,03-10-2020
0,03-10-2020
0,03-10-2020
0,03-10-2020
0,03-10-2020
3046,03-11-2020
827,03-11-2020
354,03-11-2020
60,03-11-2020
48,03-11-2020
54,03-11-2020
3,03-11-2020
8,03-11-2020
22,03-11-2020
1,03-11-2020
4,03-11-2020
6,03-11-2020
1,03-11-2020
6,03-11-2020
7,03-11-2020
4,03-11-2020
15,03-11-2020
0,03-11-2020
0,03-11-2020
6,03-11-2020
3,03-11-2020
5,03-11-2020
1,03-11-2020
13,03-11-2020
8,03-11-2020
0,03-11-2020
8,03-11-2020
29,03-11-2020
3,03-11-2020
6,03-11-2020
3,03-11-2020
1,03-11-2020
0,03-11-2020
2,03-11-2020
0,03-11-2020
1,03-11-2020
0,03-11-2020
0,03-11-2020
0,03-11-2020
3,03-11-2020
2,03-11-2020
6,03-11-2020
0,03-11-2020
2,03-11-2020
3,03-11-2020
0,03-11-2020
2,03-11-2020
3,03-11-2020
1,03-11-2020
0,03-11-2020
1,03-11-2020
0,03-11-2020
1,03-11-2020
0,03-11-2020
0,03-11-2020
3,03-11-2020
1,03-11-2020
0,03-11-2020
0,03-11-2020
0,03-11-2020
7,03-11-2020
2,03-11-2020
1,03-11-2020
2,03-11-2020
3,03-11-2020
1,03-11-2020
0,03-11-2020
0,03-11-2020
1,03-11-2020
0,03-11-2020
1,03-11-2020
1,03-11-2020
0,03-11-2020
0,03-11-2020
1,03-11-2020
0,03-11-2020
1,03-11-2020
0,03-11-2020
0,03-11-2020
1,03-11-2020
0,03-11-2020
0,03-11-2020
2,03-11-2020
0,03-11-2020
0,03-11-2020
0,03-11-2020
0,03-11-2020
1,03-11-2020
0,03-11-2020
0,03-11-2020
0,03-11-2020
0,03-11-2020
0,03-11-2020
0,03-11-2020
0,03-11-2020
1,03-11-2020
0,03-11-2020
0,03-11-2020
0,03-11-2020
0,03-11-2020
0,03-11-2020
0,03-11-2020
0,03-11-2020
0,03-11-2020
0,03-11-2020
0,03-11-2020
0,03-11-2020
0,03-11-2020
0,03-11-2020
1,03-11-2020
0,03-11-2020
0,03-11-2020
0,03-11-2020
0,03-11-2020
0,03-11-2020
0,03-11-2020
0,03-11-2020
0,03-11-2020
0,03-11-2020
0,03-11-2020
0,03-11-2020
1,03-11-2020
0,03-11-2020
0,03-11-2020
0,03-11-2020
0,03-11-2020
0,03-11-2020
0,03-11-2020
0,03-11-2020
0,03-11-2020
0,03-11-2020
1,03-11-2020
0,03-11-2020
1,03-11-2020
0,03-11-2020
0,03-11-2020
1,03-11-2020
0,03-11-2020
0,03-11-2020
0,03-11-2020
0,03-11-2020
0,03-11-2020
0,03-11-2020
0,03-11-2020
0,03-11-2020
0,03-11-2020
0,03-11-2020
0,03-11-2020
1,03-11-2020
0,03-11-2020
0,03-11-2020
0,03-11-2020
0,03-11-2020
0,03-11-2020
0,03-11-2020
0,03-11-2020
0,03-11-2020
0,03-11-2020
0,03-11-2020
0,03-11-2020
0,03-11-2020
0,03-11-2020
0,03-11-2020
0,03-11-2020
0,03-11-2020
0,03-11-2020
0,03-11-2020
0,03-11-2020
0,03-11-2020
0,03-11-2020
0,03-11-2020
0,03-11-2020
0,03-11-2020
0,03-11-2020
0,03-11-2020
0,03-11-2020
0,03-11-2020
0,03-11-2020
0,03-11-2020
0,03-11-2020
0,03-11-2020
0,03-11-2020
0,03-11-2020
0,03-11-2020
0,03-11-2020
0,03-11-2020
0,03-11-2020
0,03-11-2020
0,03-11-2020
0,03-11-2020
0,03-11-2020
0,03-11-2020
0,03-11-2020
0,03-11-2020
0,03-11-2020
0,03-11-2020
0,03-11-2020
0,03-11-2020
0,03-11-2020
0,03-11-2020
0,03-11-2020
0,03-11-2020
0,03-11-2020
0,03-11-2020
0,03-11-2020
0,03-11-2020
0,03-11-2020
0,03-11-2020
0,03-11-2020
0,03-11-2020
0,03-11-2020
0,03-11-2020
0,03-11-2020
0,03-11-2020
0,03-11-2020
0,03-11-2020
